date	sample_id	PANGAEA_event	sample	type	gear	lat	lon	numeric_depth	depth_category	Watermass1	Watermass2	depth_or_watermass	sample_title	locus_tag	cycles	reads	clip_id	miseq_ID	seq_fwd	seq_rev	running_id	bottle_id	Niskin_id	PotentialTemperature	PracticalSalinity	InsituTemperature	PrDM	DepSM	Sbeox0_umol/L	Sbeox1_umol/L	FlECO-AFL	CO2_umol/L	CO2_umol/L_umolkg	NO3+NO2_c_mean	NO3+NO2_c_std	NO2_c_mean	NO2_c_std	SiOH4_c_mean	SiOH4_c_std	PO4_c_mean	PO4_c_std	NH4_c_mean	NH4_c_std	TDN_c_mean	TDN_c_std	TDP_c_mean	TDP_c_std	NO3+NO2_c_mean_umolkg	NO3+NO2_c_std_umolkg	NO2_c_mean_umolkg	NO2_c_std_umolkg	SiOH4_c_mean_umolkg	SiOH4_c_std_umolkg	PO4_c_mean_umolkg	PO4_c_std_umolkg	NH4_c_mean_umolkg	NH4_c_std_umolkg	TDN_c_mean_umolkg	TDN_c_std_umolkg	TDP_c_mean_umolkg	TDP_c_std_umolkg
2023-09-18	CTD_356	PS138_205-1	Transect_60E_10	seawater	CTD	86.330173	60.061745	2765	bottom+5	EBBW	NA	EBBW	PS138-205-1-CTD-2765-16S	16S	25	258592	PS138-205-1-CTD-2765-16S_clip	L9424	PS138-205-1-CTD-2765-16S_clip_R1_001.fastq.gz	PS138-205-1-CTD-2765-16S_clip_R2_001.fastq.gz	180	1	PS138_205-1-N1	-0.90062	34.93	-0.7487	2814.078	2765.427	287.99	292.11	-0.0549	302	293.577	15.368	0.01	0.003	0	11.683	0.003	1.011	0.001	-0.004	0.006	17.064	0.047	0.994	0.002	14.993	0.01	0.003	0	11.398	0.003	0.986	0.001	-0.004	0.006	16.648	0.046	0.97	0.002
2023-09-18	CTD_376	PS138_206-1	Transect_60E_11	seawater	CTD	85.999172	60.435695	200	200	AW2	NA	AW2	PS138-206-1-CTD-200-16S	16S	25	289858	PS138-206-1-CTD-200-16S_clip	L9424	PS138-206-1-CTD-200-16S_clip_R1_001.fastq.gz	PS138-206-1-CTD-200-16S_clip_R2_001.fastq.gz	190	9	PS138_206-1-N9	1.5657	34.849	1.5759	202.313	200.048	294.83	296.65	-0.056	306	297.517	12.921	0.006	0.005	0	5.467	0.003	0.841	0.001	-0.012	0	15.096	0.004	0.838	0.002	12.606	0.006	0.005	0	5.334	0.003	0.821	0.001	-0.012	0	14.728	0.004	0.818	0.002
2023-09-18	CTD_364	PS138_205-1	Transect_60E_10	seawater	CTD	86.330173	60.061745	200	200	AW1	NA	AW1	PS138-205-1-CTD-200-16S	16S	25	127220	PS138-205-1-CTD-200-16S_clip	L9424	PS138-205-1-CTD-200-16S_clip_R1_001.fastq.gz	PS138-205-1-CTD-200-16S_clip_R2_001.fastq.gz	184	13	PS138_205-1-N13	1.4192	34.84	1.4292	202.472	200.204	294.57	296.03	-0.0549	305.2	296.747	12.357	0.014	0.007	0	4.934	0.002	0.815	0.01	-0.036	0.006	14.731	0.014	0.82	0.003	12.056	0.014	0.007	0	4.814	0.002	0.795	0.01	-0.035	0.006	14.372	0.014	0.8	0.003
2023-09-18	CTD_366	PS138_205-1	Transect_60E_10	seawater	CTD	86.330173	60.061745	100	100	LHC	NA	LHC	PS138-205-1-CTD-100-16S	16S	25	41541	PS138-205-1-CTD-100-16S_clip	L9424	PS138-205-1-CTD-100-16S_clip_R1_001.fastq.gz	PS138-205-1-CTD-100-16S_clip_R2_001.fastq.gz	185	16	PS138_205-1-N16	-0.55329	34.45	-0.5502	101.941	100.824	313.65	315.92	-0.0199	316.8	308.1	9.882	0.021	0.01	0	3.689	0.002	0.689	0.001	-0.041	0	12.638	0.007	0.712	0.003	9.644	0.02	0.01	0	3.6	0.002	0.672	0.001	-0.04	0	12.334	0.007	0.695	0.003
2023-09-18	CTD_378	PS138_206-1	Transect_60E_11	seawater	CTD	85.999172	60.435695	100	100	LHC	NA	LHC	PS138-206-1-CTD-100-16S	16S	25	98383	PS138-206-1-CTD-100-16S_clip	L9424	PS138-206-1-CTD-100-16S_clip_R1_001.fastq.gz	PS138-206-1-CTD-100-16S_clip_R2_001.fastq.gz	191	14	PS138_206-1-N14	-1.7798	34.269	-1.778	100.729	99.625	359.03	362.15	0.03	368.5	358.397	3.936	0.004	0.017	0	1.488	0.001	0.344	0.001	0.001	0.002	7.339	0.003	0.377	0.005	3.842	0.004	0.017	0	1.452	0.001	0.336	0.001	0.001	0.002	7.163	0.003	0.368	0.005
2023-09-18	CTD_372	PS138_205-1	Transect_60E_10	seawater	CTD	86.330173	60.061745	10	10	ML	PSW	ML	PS138-205-1-CTD-10-16S	16S	25	144416	PS138-205-1-CTD-10-16S_clip	L9424	PS138-205-1-CTD-10-16S_clip_R1_001.fastq.gz	PS138-205-1-CTD-10-16S_clip_R2_001.fastq.gz	188	24	PS138_205-1-N24	-1.7872	32.972	-1.787	10.066	9.958	371.18	373.74	0.2163	382.3	372.21	0.611	0.001	0.024	0	1.35	0.004	0.174	0.001	0.099	0.002	4.858	0.023	0.235	0.004	0.597	0.001	0.023	0	1.319	0.004	0.17	0.001	0.097	0.002	4.746	0.022	0.23	0.004
2023-09-18	CTD_368	PS138_205-1	Transect_60E_10	seawater	CTD	86.330173	60.061745	50	50	PSW	LHC	PSW	PS138-205-1-CTD-50-16S	16S	25	113290	PS138-205-1-CTD-50-16S_clip	L9424	PS138-205-1-CTD-50-16S_clip_R1_001.fastq.gz	PS138-205-1-CTD-50-16S_clip_R2_001.fastq.gz	186	19	PS138_205-1-N19	-1.6988	34.148	-1.6979	50.475	49.927	354.39	357.69	0.1549	365.9	355.905	3.839	0.005	0.03	0	1.804	0	0.346	0.003	-0.043	0.002	7.493	0.015	0.388	0.003	3.748	0.005	0.029	0	1.761	0	0.338	0.003	-0.042	0.002	7.314	0.015	0.379	0.003
2023-09-18	CTD_370	PS138_205-1	Transect_60E_10	seawater	CTD	86.330173	60.061745		chl-max	ML	PSW	ML	PS138-205-1-CTD-chlmax-16S	16S	25	195393	PS138-205-1-CTD-chlmax-16S_clip	L9424	PS138-205-1-CTD-chlmax-16S_clip_R1_001.fastq.gz	PS138-205-1-CTD-chlmax-16S_clip_R2_001.fastq.gz	187	22	PS138_205-1-N22	-1.7809	33.003	-1.7805	19.644	19.432	371.24	373.21	0.2088	380.4	370.351	1.086	0.001	0.047	0	1.432	0.001	0.199	0.001	0.092	0.003	5.291	0.004	0.263	0.001	1.061	0.001	0.046	0	1.399	0.001	0.194	0.001	0.09	0.003	5.169	0.004	0.257	0.001
2023-09-18	CTD_380	PS138_206-1	Transect_60E_11	seawater	CTD	85.999172	60.435695	50	50	PSW	LHC	PSW	PS138-206-1-CTD-50-16S	16S	25	136026	PS138-206-1-CTD-50-16S_clip	L9424	PS138-206-1-CTD-50-16S_clip_R1_001.fastq.gz	PS138-206-1-CTD-50-16S_clip_R2_001.fastq.gz	192	17	PS138_206-1-N17	-1.7741	34.221	-1.7732	50.804	50.253	364.23	366.8	0.1985	374.1	363.855	3.531	0.004	0.075	0	1.445	0.001	0.317	0.001	-0.021	0	7.027	0.001	0.353	0	3.447	0.004	0.073	0	1.41	0.001	0.309	0.001	-0.02	0	6.859	0.001	0.345	0
2023-09-18	CTD_360	PS138_205-1	Transect_60E_10	seawater	CTD	86.330173	60.061745	1000	1000	AIW	NA	AIW	PS138-205-1-CTD-1000-16S	16S	25	292692	PS138-205-1-CTD-1000-16S_clip	L9424	PS138-205-1-CTD-1000-16S_clip_R1_001.fastq.gz	PS138-205-1-CTD-1000-16S_clip_R2_001.fastq.gz	182	5	PS138_205-1-N5	-0.18345	34.908	-0.13965	1013.859	1000.55	296.64	298.77	-0.0554	NA	NA	NA	NA	NA	NA	NA	NA	NA	NA	NA	NA	NA	NA	NA	NA	NA	NA	NA	NA	NA	NA	NA	NA	NA	NA	NA	NA	NA	NA
2023-09-18	CTD_362	PS138_205-1	Transect_60E_10	seawater	CTD	86.330173	60.061745	500	500	AW2	NA	AW2	PS138-205-1-CTD-500-16S	16S	25	165614	PS138-205-1-CTD-500-16S_clip	L9424	PS138-205-1-CTD-500-16S_clip_R1_001.fastq.gz	PS138-205-1-CTD-500-16S_clip_R2_001.fastq.gz	183	8	PS138_205-1-N8	1.051	34.904	1.0757	505.5	499.473	295.66	297.97	-0.0543	NA	NA	NA	NA	NA	NA	NA	NA	NA	NA	NA	NA	NA	NA	NA	NA	NA	NA	NA	NA	NA	NA	NA	NA	NA	NA	NA	NA	NA	NA
2023-09-18	CTD_374	PS138_206-1	Transect_60E_11	seawater	CTD	85.999172	60.435695	500	500	AW2	NA	AW2	PS138-206-1-CTD-500-16S	16S	25	173788	PS138-206-1-CTD-500-16S_clip	L9424	PS138-206-1-CTD-500-16S_clip_R1_001.fastq.gz	PS138-206-1-CTD-500-16S_clip_R2_001.fastq.gz	189	4	PS138_206-1-N4	0.98355	34.89	1.008	506.515	500.476	296.28	298.11	-0.0543	NA	NA	NA	NA	NA	NA	NA	NA	NA	NA	NA	NA	NA	NA	NA	NA	NA	NA	NA	NA	NA	NA	NA	NA	NA	NA	NA	NA	NA	NA
2023-09-18	CTD_358	PS138_205-1	Transect_60E_10	seawater	CTD	86.330173	60.061745	2000	2000	EBDW	NA	EBDW	PS138-205-1-CTD-2000-16S	16S	25	158313	PS138-205-1-CTD-2000-16S_clip	L9424	PS138-205-1-CTD-2000-16S_clip_R1_001.fastq.gz	PS138-205-1-CTD-2000-16S_clip_R2_001.fastq.gz	181	3	PS138_205-1-N3	-0.80031	34.92	-0.70365	2031.92	2000.43	291.08	293.95	-0.0543	NA	NA	NA	NA	NA	NA	NA	NA	NA	NA	NA	NA	NA	NA	NA	NA	NA	NA	NA	NA	NA	NA	NA	NA	NA	NA	NA	NA	NA	NA
2023-09-17	CTD_346	PS138_204-1	Transect_60E_09	seawater	CTD	86.660522	60.061683	200	200	AW1	NA	AW1	PS138-204-1-CTD-200-16S	16S	25	144833	PS138-204-1-CTD-200-16S_clip	L9424	PS138-204-1-CTD-200-16S_clip_R1_001.fastq.gz	PS138-204-1-CTD-200-16S_clip_R2_001.fastq.gz	175	9	PS138_204-1-N9	1.343	34.837	1.3528	202.325	200.058	293.4	294.98	-0.0549	303.8	295.381	12.358	0.002	0.006	0	4.975	0.003	0.814	0	-0.02	0.001	14.9	0.01	0.828	0.001	12.057	0.002	0.006	0	4.854	0.003	0.794	0	-0.02	0.001	14.537	0.01	0.808	0.001
2023-09-17	CTD_348	PS138_204-1	Transect_60E_09	seawater	CTD	86.660522	60.061683	100	100	LHC	NA	LHC	PS138-204-1-CTD-100-16S	16S	25	106883	PS138-204-1-CTD-100-16S_clip	L9424	PS138-204-1-CTD-100-16S_clip_R1_001.fastq.gz	PS138-204-1-CTD-100-16S_clip_R2_001.fastq.gz	176	14	PS138_204-1-N14	-0.3382	34.487	-0.33495	100.536	99.433	310.23	311.51	-0.0262	319.3	310.513	9.002	0.002	0.009	0	3.325	0	0.648	0.001	-0.014	0.005	11.988	0	0.672	0.002	8.785	0.002	0.009	0	3.245	0	0.632	0.001	-0.014	0.005	11.699	0	0.656	0.002
2023-09-17	CTD_354	PS138_204-1	Transect_60E_09	seawater	CTD	86.660522	60.061683	10	10	ML	PSW	ML	PS138-204-1-CTD-10-16S	16S	25	151933	PS138-204-1-CTD-10-16S_clip	L9424	PS138-204-1-CTD-10-16S_clip_R1_001.fastq.gz	PS138-204-1-CTD-10-16S_clip_R2_001.fastq.gz	179	24	PS138_204-1-N24	-1.7438	32.628	-1.7437	10.142	10.033	375.55	377.73	0.4782	386.3	376.207	0.171	0.002	0.01	0	1.649	0.006	0.133	0.003	0.081	0.007	4.938	0.008	0.214	0	0.167	0.002	0.01	0	1.612	0.006	0.13	0.003	0.079	0.007	4.826	0.008	0.209	0
2023-09-17	CTD_352	PS138_204-1	Transect_60E_09	seawater	CTD	86.660522	60.061683		chl-max	ML	PSW	ML	PS138-204-1-CTD-chlmax-16S	16S	25	85269	PS138-204-1-CTD-chlmax-16S_clip	L9424	PS138-204-1-CTD-chlmax-16S_clip_R1_001.fastq.gz	PS138-204-1-CTD-chlmax-16S_clip_R2_001.fastq.gz	178	21	PS138_204-1-N21	-1.7429	32.636	-1.7427	14.967	14.806	375.47	377.94	0.5074	386.4	376.304	0.445	0	0.036	0	1.707	0	0.171	0	0.277	0.003	5.291	0.031	0.239	0.002	0.435	0	0.035	0	1.668	0	0.167	0	0.271	0.003	5.171	0.03	0.234	0.002
2023-09-17	CTD_350	PS138_204-1	Transect_60E_09	seawater	CTD	86.660522	60.061683	50	50	PSW	LHC	PSW	PS138-204-1-CTD-50-16S	16S	25	71415	PS138-204-1-CTD-50-16S_clip	L9424	PS138-204-1-CTD-50-16S_clip_R1_001.fastq.gz	PS138-204-1-CTD-50-16S_clip_R2_001.fastq.gz	177	17	PS138_204-1-N17	-1.7275	34.033	-1.7266	50.518	49.97	359.04	360.61	0.1985	366	356.036	3.721	0.008	0.039	0.001	1.844	0.003	0.341	0.001	-0.012	0.006	7.5	0.019	0.39	0.003	3.633	0.008	0.038	0.001	1.8	0.003	0.333	0.001	-0.012	0.006	7.322	0.019	0.381	0.003
2023-09-17	CTD_344	PS138_204-1	Transect_60E_09	seawater	CTD	86.660522	60.061683	500	500	AW2	NA	AW2	PS138-204-1-CTD-500-16S	16S	25	88629	PS138-204-1-CTD-500-16S_clip	L9424	PS138-204-1-CTD-500-16S_clip_R1_001.fastq.gz	PS138-204-1-CTD-500-16S_clip_R2_001.fastq.gz	174	4	PS138_204-1-N4	0.90368	34.881	0.9278	506.049	500.012	297.37	299	-0.0549	NA	NA	NA	NA	NA	NA	NA	NA	NA	NA	NA	NA	NA	NA	NA	NA	NA	NA	NA	NA	NA	NA	NA	NA	NA	NA	NA	NA	NA	NA
2023-09-16	CTD_332	PS138_201-1	Transect_60E_08	seawater	CTD	86.977685	60.02103	200	200	AW1	NA	AW1	PS138-201-1-CTD-200-16S	16S	25	84837	PS138-201-1-CTD-200-16S_clip	L9424	PS138-201-1-CTD-200-16S_clip_R1_001.fastq.gz	PS138-201-1-CTD-200-16S_clip_R2_001.fastq.gz	168	9	PS138_201-1-N9	1.3279	34.835	1.3377	NA	NA	NA	NA	NA	NA	NA	NA	NA	NA	NA	NA	NA	NA	NA	NA	NA	NA	NA	NA	NA	NA	NA	NA	NA	NA	NA	NA	NA	NA	NA	NA	NA	NA	NA
2023-09-16	CTD_330	PS138_201-1	Transect_60E_08	seawater	CTD	86.977685	60.02103	500	500	AW2	NA	AW2	PS138-201-1-CTD-500-16S	16S	25	86402	PS138-201-1-CTD-500-16S_clip	L9424	PS138-201-1-CTD-500-16S_clip_R1_001.fastq.gz	PS138-201-1-CTD-500-16S_clip_R2_001.fastq.gz	167	4	PS138_201-1-N4	0.96884	34.888	0.99325	NA	NA	NA	NA	NA	NA	NA	NA	NA	NA	NA	NA	NA	NA	NA	NA	NA	NA	NA	NA	NA	NA	NA	NA	NA	NA	NA	NA	NA	NA	NA	NA	NA	NA	NA
2023-09-16	CTD_334	PS138_201-1	Transect_60E_08	seawater	CTD	86.977685	60.02103	100	100	LHC	NA	LHC	PS138-201-1-CTD-100-16S	16S	25	69286	PS138-201-1-CTD-100-16S_clip	L9424	PS138-201-1-CTD-100-16S_clip_R1_001.fastq.gz	PS138-201-1-CTD-100-16S_clip_R2_001.fastq.gz	169	14	PS138_201-1-N14	-1.4452	34.224	-1.443	NA	NA	NA	NA	NA	NA	NA	NA	NA	NA	NA	NA	NA	NA	NA	NA	NA	NA	NA	NA	NA	NA	NA	NA	NA	NA	NA	NA	NA	NA	NA	NA	NA	NA	NA
2023-09-16	CTD_338	PS138_201-1	Transect_60E_08	seawater	CTD	86.977685	60.02103		chl-max	ML	PSW	ML	PS138-201-1-CTD-chlmax-16S	16S	25	274311	PS138-201-1-CTD-chlmax-16S_clip	L9424	PS138-201-1-CTD-chlmax-16S_clip_R1_001.fastq.gz	PS138-201-1-CTD-chlmax-16S_clip_R2_001.fastq.gz	171	21	PS138_201-1-N21	-1.7538	32.763	-1.7535	NA	NA	NA	NA	NA	NA	NA	NA	NA	NA	NA	NA	NA	NA	NA	NA	NA	NA	NA	NA	NA	NA	NA	NA	NA	NA	NA	NA	NA	NA	NA	NA	NA	NA	NA
2023-09-16	CTD_340	PS138_201-1	Transect_60E_08	seawater	CTD	86.977685	60.02103	10	10	ML	PSW	ML	PS138-201-1-CTD-10-16S	16S	25	130094	PS138-201-1-CTD-10-16S_clip	L9424	PS138-201-1-CTD-10-16S_clip_R1_001.fastq.gz	PS138-201-1-CTD-10-16S_clip_R2_001.fastq.gz	172	24	PS138_201-1-N24	-1.7652	32.656	-1.7651	NA	NA	NA	NA	NA	NA	NA	NA	NA	NA	NA	NA	NA	NA	NA	NA	NA	NA	NA	NA	NA	NA	NA	NA	NA	NA	NA	NA	NA	NA	NA	NA	NA	NA	NA
2023-09-16	CTD_336	PS138_201-1	Transect_60E_08	seawater	CTD	86.977685	60.02103	50	50	PSW	NA	PSW	PS138-201-1-CTD-50-16S	16S	25	111631	PS138-201-1-CTD-50-16S_clip	L9424	PS138-201-1-CTD-50-16S_clip_R1_001.fastq.gz	PS138-201-1-CTD-50-16S_clip_R2_001.fastq.gz	170	17	PS138_201-1-N17	-1.803	33.908	-1.8021	NA	NA	NA	NA	NA	NA	NA	NA	NA	NA	NA	NA	NA	NA	NA	NA	NA	NA	NA	NA	NA	NA	NA	NA	NA	NA	NA	NA	NA	NA	NA	NA	NA	NA	NA
2023-09-16	CTD_312	PS138_196-1	Transect_60E_07	seawater	CTD	87.33866	59.922379	3520	bottom+5	NA	NA	5m from bottom	PS138-196-1-CTD-3520-16S	16S	25	65117	PS138-196-1-CTD-3520-16S_clip	L9424	PS138-196-1-CTD-3520-16S_clip_R1_001.fastq.gz	PS138-196-1-CTD-3520-16S_clip_R2_001.fastq.gz	158	1	PS138-196-1-N1	NA	NA	NA	NA	NA	NA	NA	NA	NA	NA	NA	NA	NA	NA	NA	NA	NA	NA	NA	NA	NA	NA	NA	NA	NA	NA	NA	NA	NA	NA	NA	NA	NA	NA	NA	NA	NA	NA
2023-09-16	CTD_320	PS138_196-1	Transect_60E_07	seawater	CTD	87.33866	59.922379	200	200	NA	NA	200	PS138-196-1-CTD-200-16S	16S	25	122285	PS138-196-1-CTD-200-16S_clip	L9424	PS138-196-1-CTD-200-16S_clip_R1_001.fastq.gz	PS138-196-1-CTD-200-16S_clip_R2_001.fastq.gz	162	13	PS138-196-1-N13	NA	NA	NA	NA	NA	NA	NA	NA	NA	NA	NA	NA	NA	NA	NA	NA	NA	NA	NA	NA	NA	NA	NA	NA	NA	NA	NA	NA	NA	NA	NA	NA	NA	NA	NA	NA	NA	NA
2023-09-16	CTD_322	PS138_196-1	Transect_60E_07	seawater	CTD	87.33866	59.922379	100	100	NA	NA	100	PS138-196-1-CTD-100-16S	16S	25	178262	PS138-196-1-CTD-100-16S_clip	L9424	PS138-196-1-CTD-100-16S_clip_R1_001.fastq.gz	PS138-196-1-CTD-100-16S_clip_R2_001.fastq.gz	163	16	PS138-196-1-N16	NA	NA	NA	NA	NA	NA	NA	NA	NA	NA	NA	NA	NA	NA	NA	NA	NA	NA	NA	NA	NA	NA	NA	NA	NA	NA	NA	NA	NA	NA	NA	NA	NA	NA	NA	NA	NA	NA
2023-09-16	CTD_324	PS138_196-1	Transect_60E_07	seawater	CTD	87.33866	59.922379	50	50	NA	NA	50	PS138-196-1-CTD-50-16S	16S	25	110884	PS138-196-1-CTD-50-16S_clip	L9424	PS138-196-1-CTD-50-16S_clip_R1_001.fastq.gz	PS138-196-1-CTD-50-16S_clip_R2_001.fastq.gz	164	19	PS138-196-1-N19	NA	NA	NA	NA	NA	NA	NA	NA	NA	NA	NA	NA	NA	NA	NA	NA	NA	NA	NA	NA	NA	NA	NA	NA	NA	NA	NA	NA	NA	NA	NA	NA	NA	NA	NA	NA	NA	NA
2023-09-16	CTD_326	PS138_196-1	Transect_60E_07	seawater	CTD	87.33866	59.922379		chl-max	NA	NA	chl-max	PS138-196-1-CTD-chlmax-16S	16S	25	96183	PS138-196-1-CTD-chlmax-16S_clip	L9424	PS138-196-1-CTD-chlmax-16S_clip_R1_001.fastq.gz	PS138-196-1-CTD-chlmax-16S_clip_R2_001.fastq.gz	165	22	PS138-196-1-N22	NA	NA	NA	NA	NA	NA	NA	NA	NA	NA	NA	NA	NA	NA	NA	NA	NA	NA	NA	NA	NA	NA	NA	NA	NA	NA	NA	NA	NA	NA	NA	NA	NA	NA	NA	NA	NA	NA
2023-09-16	CTD_328	PS138_196-1	Transect_60E_07	seawater	CTD	87.33866	59.922379	10	10	NA	NA	10	PS138-196-1-CTD-10-16S	16S	25	69784	PS138-196-1-CTD-10-16S_clip	L9424	PS138-196-1-CTD-10-16S_clip_R1_001.fastq.gz	PS138-196-1-CTD-10-16S_clip_R2_001.fastq.gz	166	24	PS138-196-1-N24	NA	NA	NA	NA	NA	NA	NA	NA	NA	NA	NA	NA	NA	NA	NA	NA	NA	NA	NA	NA	NA	NA	NA	NA	NA	NA	NA	NA	NA	NA	NA	NA	NA	NA	NA	NA	NA	NA
2023-09-16	CTD_314	PS138_196-1	Transect_60E_07	seawater	CTD	87.33866	59.922379	3000	3000	NA	NA	3000	PS138-196-1-CTD-3000-16S	16S	25	99077	PS138-196-1-CTD-3000-16S_clip	L9424	PS138-196-1-CTD-3000-16S_clip_R1_001.fastq.gz	PS138-196-1-CTD-3000-16S_clip_R2_001.fastq.gz	159	3	PS138-196-1-N3	NA	NA	NA	NA	NA	NA	NA	NA	NA	NA	NA	NA	NA	NA	NA	NA	NA	NA	NA	NA	NA	NA	NA	NA	NA	NA	NA	NA	NA	NA	NA	NA	NA	NA	NA	NA	NA	NA
2023-09-16	CTD_316	PS138_196-1	Transect_60E_07	seawater	CTD	87.33866	59.922379	1000	1000	NA	NA	1000	PS138-196-1-CTD-1000-16S	16S	25	91839	PS138-196-1-CTD-1000-16S_clip	L9424	PS138-196-1-CTD-1000-16S_clip_R1_001.fastq.gz	PS138-196-1-CTD-1000-16S_clip_R2_001.fastq.gz	160	5	PS138-196-1-N5	NA	NA	NA	NA	NA	NA	NA	NA	NA	NA	NA	NA	NA	NA	NA	NA	NA	NA	NA	NA	NA	NA	NA	NA	NA	NA	NA	NA	NA	NA	NA	NA	NA	NA	NA	NA	NA	NA
2023-09-16	CTD_318	PS138_196-1	Transect_60E_07	seawater	CTD	87.33866	59.922379	500	500	NA	NA	500	PS138-196-1-CTD-500-16S	16S	25	66872	PS138-196-1-CTD-500-16S_clip	L9424	PS138-196-1-CTD-500-16S_clip_R1_001.fastq.gz	PS138-196-1-CTD-500-16S_clip_R2_001.fastq.gz	161	8	PS138-196-1-N8	NA	NA	NA	NA	NA	NA	NA	NA	NA	NA	NA	NA	NA	NA	NA	NA	NA	NA	NA	NA	NA	NA	NA	NA	NA	NA	NA	NA	NA	NA	NA	NA	NA	NA	NA	NA	NA	NA
2023-09-16	CTD_342	PS138_199-1	Transect_60E_07	seawater	OFOBS	87.220878	62.680182		bottom	NA	NA	bottom	PS138-199-1-OFOBS-16S	16S	25	121839	PS138-199-1-OFOBS-16S_clip	L9424	PS138-199-1-OFOBS-16S_clip_R1_001.fastq.gz	PS138-199-1-OFOBS-16S_clip_R2_001.fastq.gz	173	OFOBS	PS138_199-1-NOFOBS	NA	NA	NA	NA	NA	NA	NA	NA	NA	NA	NA	NA	NA	NA	NA	NA	NA	NA	NA	NA	NA	NA	NA	NA	NA	NA	NA	NA	NA	NA	NA	NA	NA	NA	NA	NA	NA	NA
2023-09-15	CTD_302	PS138_195-1	Transect_60E_06	seawater	CTD	87.66163	59.772464	200	200	AW1	NA	AW1	PS138-195-1-CTD-200-16S	16S	25	58555	PS138-195-1-CTD-200-16S_clip	L9424	PS138-195-1-CTD-200-16S_clip_R1_001.fastq.gz	PS138-195-1-CTD-200-16S_clip_R2_001.fastq.gz	153	9	PS138_195-1-N9	1.3435	34.836	1.3533	201.869	199.606	293.64	294.68	-0.0554	303.4	294.99	12.354	0.001	-0.006	0	4.903	0.002	0.816	0.001	-0.017	0.006	15.097	0.019	0.797	0.002	12.053	0.001	-0.006	0	4.784	0.002	0.796	0.001	-0.017	0.006	14.73	0.019	0.778	0.002
2023-09-15	CTD_304	PS138_195-1	Transect_60E_06	seawater	CTD	87.66163	59.772464	100	100	LHC	NA	LHC	PS138-195-1-CTD-100-16S	16S	25	129939	PS138-195-1-CTD-100-16S_clip	L9424	PS138-195-1-CTD-100-16S_clip_R1_001.fastq.gz	PS138-195-1-CTD-100-16S_clip_R2_001.fastq.gz	154	14	PS138_195-1-N14	-1.3102	34.251	-1.3078	100.727	99.622	326.2	328.39	-0.0268	328	319.024	7.876	0.011	-0.002	0	3.346	0.001	0.597	0.002	-0.035	0.002	11.136	0.029	0.602	0.003	7.688	0.011	-0.002	0	3.266	0.001	0.583	0.002	-0.034	0.002	10.87	0.028	0.588	0.003
2023-09-15	CTD_310	PS138_195-1	Transect_60E_06	seawater	CTD	87.66163	59.772464	10	10	ML	PSW	ML	PS138-195-1-CTD-10-16S	16S	25	97756	PS138-195-1-CTD-10-16S_clip	L9424	PS138-195-1-CTD-10-16S_clip_R1_001.fastq.gz	PS138-195-1-CTD-10-16S_clip_R2_001.fastq.gz	157	24	PS138_195-1-N24	-1.7479	32.434	-1.7477	10.376	10.264	379.06	382.15	0.5034	390.9	380.746	0.248	0.001	0.017	0.002	1.84	0.011	0.155	0.003	0.02	0.001	5.037	0.003	0.214	0.003	0.242	0.001	0.017	0.002	1.798	0.011	0.152	0.003	0.02	0.001	4.923	0.003	0.209	0.003
2023-09-15	CTD_306	PS138_195-1	Transect_60E_06	seawater	CTD	87.66163	59.772464	50	50	PSW	NA	PSW	PS138-195-1-CTD-50-16S	16S	25	80842	PS138-195-1-CTD-50-16S_clip	L9424	PS138-195-1-CTD-50-16S_clip_R1_001.fastq.gz	PS138-195-1-CTD-50-16S_clip_R2_001.fastq.gz	155	17	PS138_195-1-N17	-1.7348	33.529	-1.7339	50.563	50.014	359.73	362.82	0.1853	368.4	358.51	2.817	0.007	0.023	0	2.618	0.004	0.318	0.001	-0.035	0.002	7.012	0.016	0.353	0.003	2.751	0.007	0.022	0	2.557	0.004	0.311	0.001	-0.034	0.002	6.848	0.016	0.345	0.003
2023-09-15	CTD_308	PS138_195-1	Transect_60E_06	seawater	CTD	87.66163	59.772464		chl-max	ML	PSW	ML	PS138-195-1-CTD-chlmax-16S	16S	25	95735	PS138-195-1-CTD-chlmax-16S_clip	L9424	PS138-195-1-CTD-chlmax-16S_clip_R1_001.fastq.gz	PS138-195-1-CTD-chlmax-16S_clip_R2_001.fastq.gz	156	21	PS138_195-1-N21	-1.734	32.482	-1.7338	14.526	14.369	379.68	381.89	0.4793	387.6	377.516	0.673	0.001	0.036	0	1.959	0.006	0.187	0.002	0.025	0.001	5.422	0.003	0.25	0.009	0.658	0.001	0.035	0	1.915	0.006	0.183	0.002	0.024	0.001	5.299	0.003	0.244	0.009
2023-09-15	CTD_300	PS138_195-1	Transect_60E_06	seawater	CTD	87.66163	59.772464	500	500	AW2	NA	AW2	PS138-195-1-CTD-500-16S	16S	25	106737	PS138-195-1-CTD-500-16S_clip	L9424	PS138-195-1-CTD-500-16S_clip_R1_001.fastq.gz	PS138-195-1-CTD-500-16S_clip_R2_001.fastq.gz	152	4	PS138_195-1-N4	0.97643	34.889	1.0009	506.502	500.454	296.96	298.3	-0.0543	NA	NA	NA	NA	NA	NA	NA	NA	NA	NA	NA	NA	NA	NA	NA	NA	NA	NA	NA	NA	NA	NA	NA	NA	NA	NA	NA	NA	NA	NA
2023-09-14	CTD_286	PS138_193-1	Ice_Station08	seawater	CTD	87.971181	56.369367	4364	bottom+5	EBBW	NA	EBBW	PS138-193-1-CTD-4364-16S	16S	25	38413	PS138-193-1-CTD-4364-16S_clip	L9424	PS138-193-1-CTD-4364-16S_clip_R1_001.fastq.gz	PS138-193-1-CTD-4364-16S_clip_R2_001.fastq.gz	145	1	PS138_193-1-N1	-0.9219	34.941	-0.617	4457.003	4363.505	285.71	289.71	-0.0543	305	296.493	15.222	0	-0.045	0	11.887	0	1.016	0	-0.017	0	17.13	0	0.973	0	14.85	0	-0.044	0	11.597	0	0.991	0	-0.017	0	16.712	0	0.949	0
2023-09-14	CTD_274	PS138_190-1	Ice_Station08	seawater	CTD	87.960069	56.850695	200	200	AW1	NA	AW1	PS138-190-1-CTD-200-16S	16S	25	68153	PS138-190-1-CTD-200-16S_clip	L9424	PS138-190-1-CTD-200-16S_clip_R1_001.fastq.gz	PS138-190-1-CTD-200-16S_clip_R2_001.fastq.gz	139	3	PS138_190-1-N3	1.2043	34.819	1.2139	202.452	200.181	293.33	295.63	-0.0543	303.7	295.283	12.053	0.003	-0.041	0.005	4.962	0.003	0.805	0	-0.041	0.005	14.843	0.01	0.791	0.002	11.76	0.003	-0.04	0.005	4.841	0.003	0.785	0	-0.04	0.005	14.482	0.01	0.772	0.002
2023-09-14	CTD_288	PS138_193-1	Ice_Station08	seawater	CTD	87.971181	56.369367	4348	bottom+20	EBBW	NA	EBBW	PS138-193-1-CTD-4348-16S	16S	25	225119	PS138-193-1-CTD-4348-16S_clip	L9424	PS138-193-1-CTD-4348-16S_clip_R1_001.fastq.gz	PS138-193-1-CTD-4348-16S_clip_R2_001.fastq.gz	146	3	PS138_193-1-N3	-0.92212	34.941	-0.6189	4441.349	4348.332	284.9	290.28	-0.0549	304.6	296.102	15.227	0	-0.037	0.005	11.896	0.01	1.008	0.001	-0.024	0	17.101	0.015	0.975	0.004	14.855	0	-0.036	0.005	11.606	0.01	0.983	0.001	-0.023	0	16.684	0.015	0.951	0.004
2023-09-14	CTD_276	PS138_190-1	Ice_Station08	seawater	CTD	87.960069	56.850695	100	100	LHC	NA	LHC	PS138-190-1-CTD-100-16S	16S	25	125917	PS138-190-1-CTD-100-16S_clip	L9424	PS138-190-1-CTD-100-16S_clip_R1_001.fastq.gz	PS138-190-1-CTD-100-16S_clip_R2_001.fastq.gz	140	8	PS138_190-1-N8	-1.3927	34.207	-1.3904	101.295	100.183	323.58	327.57	-0.0268	328.9	319.904	7.397	0.003	-0.034	0.006	3.867	0.005	0.582	0.001	-0.064	0.004	10.75	0.005	0.586	0.001	7.22	0.003	-0.033	0.006	3.775	0.005	0.568	0.001	-0.062	0.004	10.493	0.005	0.572	0.001
2023-09-14	CTD_282	PS138_190-1	Ice_Station08	seawater	CTD	87.960069	56.850695	10	10	ML	PSW	ML	PS138-190-1-CTD-10-16S	16S	25	87460	PS138-190-1-CTD-10-16S_clip	L9424	PS138-190-1-CTD-10-16S_clip_R1_001.fastq.gz	PS138-190-1-CTD-10-16S_clip_R2_001.fastq.gz	143	21	PS138_190-1-N21	-1.7045	32.31	-1.7044	9.861	9.755	380.99	385.51	0.6897	391.6	381.464	0.209	0.002	-0.023	0.008	2.067	0.003	0.162	0.001	-0.051	0.002	5.038	0.042	0.233	0.002	0.204	0.002	-0.022	0.008	2.021	0.003	0.158	0.001	-0.05	0.002	4.925	0.041	0.228	0.002
2023-09-14	CTD_278	PS138_190-1	Ice_Station08	seawater	CTD	87.960069	56.850695	50	50	UHC	NA	UHC	PS138-190-1-CTD-50-16S	16S	25	58069	PS138-190-1-CTD-50-16S_clip	L9424	PS138-190-1-CTD-50-16S_clip_R1_001.fastq.gz	PS138-190-1-CTD-50-16S_clip_R2_001.fastq.gz	141	12	PS138_190-1-N12	-1.7654	33.472	-1.7645	50.751	50.2	363.91	368.9	0.1136	372	362.031	2.676	0.004	-0.019	0.002	2.797	0.001	0.318	0	-0.079	0.002	6.892	0.003	0.348	0.001	2.614	0.004	-0.019	0.002	2.732	0.001	0.311	0	-0.077	0.002	6.731	0.003	0.34	0.001
2023-09-14	CTD_284	PS138_190-1	Ice_Station08	seawater	CTD	87.960069	56.850695	2	2	ML	PSW	ML	PS138-190-1-CTD-2-16S	16S	25	74297	PS138-190-1-CTD-2-16S_clip	L9424	PS138-190-1-CTD-2-16S_clip_R1_001.fastq.gz	PS138-190-1-CTD-2-16S_clip_R2_001.fastq.gz	144	24	PS138_190-1-N24	-1.7161	32.387	-1.7161	1.709	1.69	380.73	385.03	0.5802	391.6	381.441	0.25	0	-0.013	0.009	2.078	0.001	0.166	0.001	-0.036	0.001	5.094	0.033	0.233	0.003	0.244	0	-0.013	0.009	2.031	0.001	0.162	0.001	-0.035	0.001	4.979	0.032	0.228	0.003
2023-09-14	ICE_54	PS138_178_Coring-001-009	Ice_Station08	ice core	ice_corer	87.92839	60.322501	NA	Ice-TS	NA	NA	Ice-TS	PS138-178-1-ICE-Ice-TS-16S	16S	25	86539	PS138-178-1-ICE-Ice-TS-16S_clip	L95YW	PS138-178-1-ICE-Ice-TS-16S_clip_R1_001.fastq.gz	PS138-178-1-ICE-Ice-TS-16S_clip_R2_001.fastq.gz	244	top section	PS138_Lena_34	NA	NA	NA	NA	NA	NA	NA	NA	NA	NA	0.279	0	0.028	0	0.481	0	0.056	0	0.19	0	1.976	0	0.032	0														
2023-09-14	ICE_50	PS138_178_Coring-014	Ice_Station08	meltpond	hand_pump	87.92839	60.322501	NA	MP	NA	NA	MP	PS138-178-1-ICE-MP-16S	16S	25	96107	PS138-178-1-ICE-MP-16S_clip	L95YW	PS138-178-1-ICE-MP-16S_clip_R1_001.fastq.gz	PS138-178-1-ICE-MP-16S_clip_R2_001.fastq.gz	242		PS138_Lena_32	NA	NA	NA	NA	NA	NA	NA	NA	NA	NA	0.79	0	0.034	0	2.15	0	0.047	0	1.189	0	5.364	0	0.048	0														
2023-09-14	ICE_52	PS138_178_Coring-013	Ice_Station08	under-ice water	hand_pump	87.92839	60.322501	NA	UIW	NA	NA	UIW	PS138-178-1-ICE-UIW-16S	16S	25	123761	PS138-178-1-ICE-UIW-16S_clip	L95YW	PS138-178-1-ICE-UIW-16S_clip_R1_001.fastq.gz	PS138-178-1-ICE-UIW-16S_clip_R2_001.fastq.gz	243		PS138_Lena_31	NA	NA	NA	NA	NA	NA	NA	NA	NA	NA	0.494	0.001	0.038	0.001	2.293	0.005	0.168	0.002	0.89	0.002	6.687	0.01	0.238	0														
2023-09-14	ICE_56	PS138_178_Coring-001-009	Ice_Station08	ice core	ice_corer	87.92839	60.322501	NA	Ice-BS	NA	NA	Ice-BS	PS138-178-1-ICE-Ice-BS-16S	16S	25	38699	PS138-178-1-ICE-Ice-BS-16S_clip	L95YW	PS138-178-1-ICE-Ice-BS-16S_clip_R1_001.fastq.gz	PS138-178-1-ICE-Ice-BS-16S_clip_R2_001.fastq.gz	245	bottom section	PS138_Lena_33	NA	NA	NA	NA	NA	NA	NA	NA	NA	NA	0.515	0.002	0.046	0.003	0.759	0.001	0.113	0.002	1.169	0.007	4.435	0.009	0.088	0.009														
2023-09-14	CTD_296	PS138_193-1	Ice_Station08	seawater	CTD	87.971181	56.369367	1000	1000	AIW	NA	AIW	PS138-193-1-CTD-1000-16S	16S	25	101533	PS138-193-1-CTD-1000-16S_clip	L9424	PS138-193-1-CTD-1000-16S_clip_R1_001.fastq.gz	PS138-193-1-CTD-1000-16S_clip_R2_001.fastq.gz	150	10	PS138_193-1-N10	-0.48765	34.915	-0.4185	1522.576	1500.754	291.54	292.78	-0.0543	NA	NA	NA	NA	NA	NA	NA	NA	NA	NA	NA	NA	NA	NA	NA	NA	NA	NA	NA	NA	NA	NA	NA	NA	NA	NA	NA	NA	NA	NA
2023-09-14	CTD_298	PS138_193-1	Ice_Station08	seawater	CTD	87.971181	56.369367	500	500	AW2	NA	AW2	PS138-193-1-CTD-500-16S	16S	25	111034	PS138-193-1-CTD-500-16S_clip	L9424	PS138-193-1-CTD-500-16S_clip_R1_001.fastq.gz	PS138-193-1-CTD-500-16S_clip_R2_001.fastq.gz	151	19	PS138_193-1-N19	0.94034	34.886	0.96465	506.5	500.451	295.16	296.12	-0.068	NA	NA	NA	NA	NA	NA	NA	NA	NA	NA	NA	NA	NA	NA	NA	NA	NA	NA	NA	NA	NA	NA	NA	NA	NA	NA	NA	NA	NA	NA
2023-09-14	CTD_294	PS138_193-1	Ice_Station08	seawater	CTD	87.971181	56.369367	1500	1500	CBDW	EBDW	CBDW	PS138-193-1-CTD-1500-16S	16S	25	134370	PS138-193-1-CTD-1500-16S_clip	L9424	PS138-193-1-CTD-1500-16S_clip_R1_001.fastq.gz	PS138-193-1-CTD-1500-16S_clip_R2_001.fastq.gz	149	8	PS138_193-1-N8	-0.7105	34.921	-0.6123	2032.14	2000.615	285.96	287.13	-0.0549	NA	NA	NA	NA	NA	NA	NA	NA	NA	NA	NA	NA	NA	NA	NA	NA	NA	NA	NA	NA	NA	NA	NA	NA	NA	NA	NA	NA	NA	NA
2023-09-14	CTD_290	PS138_193-1	Ice_Station08	seawater	CTD	87.971181	56.369367	3000	3000	EBBW	NA	EBBW	PS138-193-1-CTD-3000-16S	16S	25	73209	PS138-193-1-CTD-3000-16S_clip	L9424	PS138-193-1-CTD-3000-16S_clip_R1_001.fastq.gz	PS138-193-1-CTD-3000-16S_clip_R2_001.fastq.gz	147	4	PS138_193-1-N4	-0.92222	34.941	-0.619	4441.339	4348.323	285.01	290.25	-0.0543	NA	NA	NA	NA	NA	NA	NA	NA	NA	NA	NA	NA	NA	NA	NA	NA	NA	NA	NA	NA	NA	NA	NA	NA	NA	NA	NA	NA	NA	NA
2023-09-14	CTD_292	PS138_193-1	Ice_Station08	seawater	CTD	87.971181	56.369367	2000	2000	EBBW	NA	EBBW	PS138-193-1-CTD-2000-16S	16S	25	92266	PS138-193-1-CTD-2000-16S_clip	L9424	PS138-193-1-CTD-2000-16S_clip_R1_001.fastq.gz	PS138-193-1-CTD-2000-16S_clip_R2_001.fastq.gz	148	6	PS138_193-1-N6	-0.90042	34.93	-0.7288	3054.949	3000.42	283.83	285.63	-0.0543	NA	NA	NA	NA	NA	NA	NA	NA	NA	NA	NA	NA	NA	NA	NA	NA	NA	NA	NA	NA	NA	NA	NA	NA	NA	NA	NA	NA	NA	NA
2023-09-14	CTD_280	PS138_190-1	Ice_Station08	seawater	CTD	87.960069	56.850695		chl-max	ML	PSW	ML	PS138-190-1-CTD-chlmax-16S	16S	25	61466	PS138-190-1-CTD-chlmax-16S_clip	L9424	PS138-190-1-CTD-chlmax-16S_clip_R1_001.fastq.gz	PS138-190-1-CTD-chlmax-16S_clip_R2_001.fastq.gz	142	19	PS138_190-1-N19	-1.7421	32.301	-1.7418	20.305	20.086	380.51	385.26	0.7092	NA	NA	NA	NA	NA	NA	NA	NA	NA	NA	NA	NA	NA	NA	NA	NA	NA	NA	NA	NA	NA	NA	NA	NA	NA	NA	NA	NA	NA	NA
2023-09-13	CTD_272	PS138_180-1	Ice_Station08	seawater	OFOBS	87.914258	59.21162		bottom	NA	NA	bottom	PS138-180-1-OFOBS-16S	16S	25	39938	PS138-180-1-OFOBS-16S_clip	L9424	PS138-180-1-OFOBS-16S_clip_R1_001.fastq.gz	PS138-180-1-OFOBS-16S_clip_R2_001.fastq.gz	138	NA	PS138_180-1-N	NA	NA	NA	NA	NA	NA	NA	NA	NA	NA	NA	NA	NA	NA	NA	NA	NA	NA	NA	NA	NA	NA	NA	NA	NA	NA	NA	NA	NA	NA	NA	NA	NA	NA	NA	NA	NA	NA
2023-09-12	CTD_214	PS138_173-1	Transect_60E_02	seawater	CTD	89.339373	59.19928	200	200	AW1	NA	AW1	PS138-173-1-CTD-200-16S	16S	25	44752	PS138-173-1-CTD-200-16S_clip	L9424	PS138-173-1-CTD-200-16S_clip_R1_001.fastq.gz	PS138-173-1-CTD-200-16S_clip_R2_001.fastq.gz	108	9	PS138_173-1-N9	1.1486	34.814	1.1581	202.407	200.135	294.57	295.53	-0.0543	304.8	296.359	12.043	0.023	-0.028	0	5.026	0.015	0.812	0.001	0.027	0.003	15.814	0.042	0.752	0.003	11.75	0.022	-0.027	0	4.904	0.015	0.792	0.001	0.026	0.003	15.429	0.041	0.734	0.003
2023-09-12	CTD_222	PS138_173-1	Transect_60E_02	seawater	CTD	89.339373	59.19928	10	10	ML	PSW	ML	PS138-173-1-CTD-10-16S	16S	25	123754	PS138-173-1-CTD-10-16S_clip	L9424	PS138-173-1-CTD-10-16S_clip_R1_001.fastq.gz	PS138-173-1-CTD-10-16S_clip_R2_001.fastq.gz	112	24	PS138_173-1-N24	-1.6881	31.285	-1.688	10.253	10.143	387.1	388.31	0.6896	397.8	387.831	0.397	0.121	-0.022	0.022	4.095	0.006	0.376	0.005	0.128	0.01	5.718	0	0.351	0	0.388	0.118	-0.022	0.022	4.006	0.006	0.368	0.005	0.125	0.01	5.594	0	0.343	0
2023-09-12	CTD_232	PS138_174-1	Transect_60E_03	seawater	CTD	88.995298	59.611314	200	200	AW1	NA	AW1	PS138-174-1-CTD-200-16S	16S	25	89362	PS138-174-1-CTD-200-16S_clip	L9424	PS138-174-1-CTD-200-16S_clip_R1_001.fastq.gz	PS138-174-1-CTD-200-16S_clip_R2_001.fastq.gz	117	13	PS138_174-1-N13	1.1466	34.808	1.1561	202.349	200.078	293.61	294.59	-0.0446	303.7	295.286	11.92	0.003	-0.011	0	4.994	0.003	0.809	0.002	0.01	0.002	14.782	0.004	0.749	0.002	11.63	0.003	-0.011	0	4.873	0.003	0.789	0.002	0.01	0.002	14.423	0.004	0.731	0.002
2023-09-12	CTD_224	PS138_174-1	Transect_60E_03	seawater	CTD	88.995298	59.611314	4342	bottom+5	EBBW	NA	EBBW	PS138-174-1-CTD-4342-16S	16S	25	168449	PS138-174-1-CTD-4342-16S_clip	L9424	PS138-174-1-CTD-4342-16S_clip_R1_001.fastq.gz	PS138-174-1-CTD-4342-16S_clip_R2_001.fastq.gz	113	1	PS138_174-1-N1	-0.92182	34.941	-0.6192	4435.524	4342.664	285.96	289.35	-0.0549	304.7	296.199	14.965	0	-0.011	0	11.904	0	1.01	0	-0.003	0	16.852	0	0.928	0	14.6	0	-0.011	0	11.613	0	0.985	0	-0.003	0	16.441	0	0.905	0
2023-09-12	CTD_234	PS138_174-1	Transect_60E_03	seawater	CTD	88.995298	59.611314	100	100	LHC	NA	LHC	PS138-174-1-CTD-100-16S	16S	25	77646	PS138-174-1-CTD-100-16S_clip	L9424	PS138-174-1-CTD-100-16S_clip_R1_001.fastq.gz	PS138-174-1-CTD-100-16S_clip_R2_001.fastq.gz	118	16	PS138_174-1-N16	-1.421	34.127	-1.4188	100.718	99.612	322.54	324.45	-0.021	NA	NA	6.646	0.002	-0.011	0	4.571	0.001	0.569	0.001	-0.011	0.002	10.233	0.032	0.54	0	6.488	0.002	-0.011	0	4.462	0.001	0.555	0.001	-0.011	0.002	9.989	0.031	0.527	0
2023-09-12	CTD_238	PS138_174-1	Transect_60E_03	seawater	CTD	88.995298	59.611314		chl-max	ML	PSW	ML	PS138-174-1-CTD-chlmax-16S	16S	25	55190	PS138-174-1-CTD-chlmax-16S_clip	L9424	PS138-174-1-CTD-chlmax-16S_clip_R1_001.fastq.gz	PS138-174-1-CTD-chlmax-16S_clip_R2_001.fastq.gz	120	22	PS138_174-1-N22	-1.7055	31.569	-1.7053	14.913	14.752	383.93	386.14	0.4369	395.2	385.206	0.331	0.001	-0.011	0	4.552	0.005	0.361	0.006	0.131	0.002	5.574	0.04	0.388	0.002	0.324	0.001	-0.011	0	4.452	0.005	0.353	0.006	0.128	0.002	5.452	0.039	0.379	0.002
2023-09-12	CTD_240	PS138_174-1	Transect_60E_03	seawater	CTD	88.995298	59.611314	10	10	ML	PSW	ML	PS138-174-1-CTD-10-16S	16S	25	135106	PS138-174-1-CTD-10-16S_clip	L9424	PS138-174-1-CTD-10-16S_clip_R1_001.fastq.gz	PS138-174-1-CTD-10-16S_clip_R2_001.fastq.gz	121	24	PS138_174-1-N24	-1.7016	31.569	-1.7015	10.037	9.929	383.72	385.88	0.4254	395.7	385.695	0.246	0.028	-0.011	0	4.496	0.011	0.347	0.001	0.137	0.005	5.502	0.065	0.383	0.01	0.241	0.027	-0.011	0	4.397	0.011	0.339	0.001	0.134	0.005	5.381	0.064	0.375	0.01
2023-09-12	CTD_236	PS138_174-1	Transect_60E_03	seawater	CTD	88.995298	59.611314	50	50	PSW	NA	PSW	PS138-174-1-CTD-50-16S	16S	25	97451	PS138-174-1-CTD-50-16S_clip	L9424	PS138-174-1-CTD-50-16S_clip_R1_001.fastq.gz	PS138-174-1-CTD-50-16S_clip_R2_001.fastq.gz	119	19	PS138_174-1-N19	-1.7054	32.935	-1.7046	50.005	49.462	368.1	368.23	0.1687	372.9	363.069	2.895	0.007	-0.011	0	5.07	0.002	0.404	0	-0.013	0.003	7.386	0.018	0.414	0	2.829	0.007	-0.011	0	4.954	0.002	0.395	0	-0.013	0.003	7.217	0.018	0.405	0
2023-09-12	CTD_216	PS138_173-1	Transect_60E_02	seawater	CTD	89.339373	59.19928	100	100	LHC	NA	LHC	PS138-173-1-CTD-100-16S	16S	25	70587	PS138-173-1-CTD-100-16S_clip	L9424	PS138-173-1-CTD-100-16S_clip_R1_001.fastq.gz	PS138-173-1-CTD-100-16S_clip_R2_001.fastq.gz	109	14	PS138_173-1-N14	-1.4333	34.048	-1.4311	100.941	99.833	319.18	320.25	-0.0228	327.7	318.778	4.709	2.167	0	0	5.605	0.004	0.601	0.001	0.046	0.001	11.594	0	0.585	0	4.597	2.116	0	0	5.472	0.004	0.587	0.001	0.045	0.001	11.319	0	0.571	0
2023-09-12	CTD_220	PS138_173-1	Transect_60E_02	seawater	CTD	89.339373	59.19928		chl-max	ML	PSW	ML	PS138-173-1-CTD-chlmax-16S	16S	25	83693	PS138-173-1-CTD-chlmax-16S_clip	L9424	PS138-173-1-CTD-chlmax-16S_clip_R1_001.fastq.gz	PS138-173-1-CTD-chlmax-16S_clip_R2_001.fastq.gz	111	21	PS138_173-1-N21	-1.6694	31.471	-1.6691	23.805	23.548	388.1	389.28	0.3687	399.1	389.039	0.162	0.005	0	0	4.222	0.004	0.356	0.001	0.169	0.002	5.784	0	0.363	0	0.158	0.005	0	0	4.13	0.004	0.348	0.001	0.165	0.002	5.658	0	0.355	0
2023-09-12	CTD_218	PS138_173-1	Transect_60E_02	seawater	CTD	89.339373	59.19928	50	50	PSW	NA	PSW	PS138-173-1-CTD-50-16S	16S	25	79953	PS138-173-1-CTD-50-16S_clip	L9424	PS138-173-1-CTD-50-16S_clip_R1_001.fastq.gz	PS138-173-1-CTD-50-16S_clip_R2_001.fastq.gz	110	17	PS138_173-1-N17	-1.6824	32.548	-1.6816	50.743	50.191	361.3	362.12	0.0982	351.3	342.145	3.835	2.459	0	0	9.397	0.004	0.622	0.001	0.031	0.001	10.063	0	0.606	0	3.748	2.403	0	0	9.184	0.004	0.608	0.001	0.03	0.001	9.835	0	0.592	0
2023-09-12	CTD_244	PS138_175-1	Transect_60E_04	seawater	CTD	88.670737	60.18934	200	200	AW1	NA	AW1	PS138-175-1-CTD-200-16S	16S	25	69690	PS138-175-1-CTD-200-16S_clip	L9424	PS138-175-1-CTD-200-16S_clip_R1_001.fastq.gz	PS138-175-1-CTD-200-16S_clip_R2_001.fastq.gz	123	9	PS138_175-1-N9	1.2233	34.819	1.2329	202.099	199.832	292.98	294.26	-0.0554	303	294.605	12.139	0.008	0.008	0	4.978	0.001	0.812	0.001	-0.024	0.003	14.987	0.008	0.79	0.001	11.844	0.008	0.008	0	4.857	0.001	0.792	0.001	-0.023	0.003	14.622	0.008	0.771	0.001
2023-09-12	CTD_268	PS138_176-1	Transect_60E_05	seawater	CTD	88.334041	59.615164	4360	bottom+5	EBBW	NA	EBBW	PS138-176-1-CTD-4360-16S	16S	25	58653	PS138-176-1-CTD-4360-16S_clip	L9424	PS138-176-1-CTD-4360-16S_clip_R1_001.fastq.gz	PS138-176-1-CTD-4360-16S_clip_R2_001.fastq.gz	136	1	PS138_176-1-N1	-0.92191	34.941	-0.61735	4453.767	4360.359	286.19	289.73	-0.0549	304.5	296.005	15.108	0.016	0.011	0.003	11.896	0.008	1.014	0.002	-0.007	0.005	17.126	0.027	0.983	0.002	14.739	0.016	0.011	0.003	11.606	0.008	0.989	0.002	-0.007	0.005	16.708	0.026	0.959	0.002
2023-09-12	CTD_260	PS138_176-1	Transect_60E_05	seawater	CTD	88.334041	59.615164	200	200	AW1	NA	AW1	PS138-176-1-CTD-200-16S	16S	25	134519	PS138-176-1-CTD-200-16S_clip	L9424	PS138-176-1-CTD-200-16S_clip_R1_001.fastq.gz	PS138-176-1-CTD-200-16S_clip_R2_001.fastq.gz	131	13	PS138_176-1-N13	0.95817	34.757	0.9673	202.451	200.18	294.26	295.09	-0.0451	303	294.622	11.944	0.003	0.012	0.002	4.969	0.004	0.8	0	-0.018	0.003	14.761	0.004	0.785	0.002	11.654	0.003	0.012	0.002	4.848	0.004	0.781	0	-0.018	0.003	14.403	0.004	0.766	0.002
2023-09-12	CTD_246	PS138_175-1	Transect_60E_04	seawater	CTD	88.670737	60.18934	100	100	LHC	NA	LHC	PS138-175-1-CTD-100-16S	16S	25	85607	PS138-175-1-CTD-100-16S_clip	L9424	PS138-175-1-CTD-100-16S_clip_R1_001.fastq.gz	PS138-175-1-CTD-100-16S_clip_R2_001.fastq.gz	124	14	PS138_175-1-N14	-1.5966	34.082	-1.5945	100.953	99.845	340.69	342.82	-0.0061	334.3	325.194	6.63	0.006	0.014	0	3.293	0.002	0.534	0.001	-0.024	0.002	10.089	0.017	0.537	0.002	6.472	0.006	0.014	0	3.215	0.002	0.521	0.001	-0.023	0.002	9.849	0.017	0.524	0.002
2023-09-12	CTD_262	PS138_176-1	Transect_60E_05	seawater	CTD	88.334041	59.615164	100	100	UHC	NA	UHC	PS138-176-1-CTD-100-16S	16S	25	124894	PS138-176-1-CTD-100-16S_clip	L9424	PS138-176-1-CTD-100-16S_clip_R1_001.fastq.gz	PS138-176-1-CTD-100-16S_clip_R2_001.fastq.gz	132	16	PS138_176-1-N16	-1.7919	33.855	-1.7902	100.773	99.667	366.43	368.21	-0.0273	359.7	349.959	4.275	0.002	0.02	0.001	2.538	0.002	0.392	0.001	-0.014	0.005	8.057	0.008	0.413	0.002	4.174	0.002	0.02	0.001	2.478	0.002	0.383	0.001	-0.014	0.005	7.867	0.008	0.403	0.002
2023-09-12	CTD_270	PS138_176-1	Transect_60E_05	seawater	CTD	88.334041	59.615164	50	50	PSW	NA	PSW	PS138-176-1-CTD-50-16S	16S	25	70468	PS138-176-1-CTD-50-16S_clip	L9424	PS138-176-1-CTD-50-16S_clip_R1_001.fastq.gz	PS138-176-1-CTD-50-16S_clip_R2_001.fastq.gz	137	19	PS138_176-1-N19	-1.7519	33.556	-1.751	50.591	50.042	363.46	365.29	0.0673	374.8	364.736	2.708	0.003	0.025	0.004	2.376	0.002	0.31	0.001	-0.015	0.001	6.879	0.02	0.341	0.002	2.645	0.003	0.024	0.004	2.32	0.002	0.303	0.001	-0.015	0.001	6.718	0.02	0.333	0.002
2023-09-12	CTD_252	PS138_175-1	Transect_60E_04	seawater	CTD	88.670737	60.18934	10	10	ML	PSW	ML	PS138-175-1-CTD-10-16S	16S	25	90883	PS138-175-1-CTD-10-16S_clip	L9424	PS138-175-1-CTD-10-16S_clip_R1_001.fastq.gz	PS138-175-1-CTD-10-16S_clip_R2_001.fastq.gz	127	24	PS138_175-1-N24	-1.7058	31.788	-1.7057	9.829	9.723	383.95	385.8	0.4232	392	382.02	0.507	0	0.033	0.002	4.708	0.008	0.305	0.002	0.088	0.005	5.343	0.007	0.356	0.006	0.496	0	0.032	0.002	4.604	0.008	0.298	0.002	0.086	0.005	5.225	0.007	0.348	0.006
2023-09-12	CTD_248	PS138_175-1	Transect_60E_04	seawater	CTD	88.670737	60.18934	50	50	PSW	NA	PSW	PS138-175-1-CTD-50-16S	16S	25	193924	PS138-175-1-CTD-50-16S_clip	L9424	PS138-175-1-CTD-50-16S_clip_R1_001.fastq.gz	PS138-175-1-CTD-50-16S_clip_R2_001.fastq.gz	125	17	PS138_175-1-N17	-1.741	33.295	-1.7402	50.331	49.785	364.34	366.63	0.1331	376.8	366.761	2.649	0.003	0.037	0.003	3.64	0.002	0.339	0.001	-0.022	0.003	7.087	0.007	0.378	0.002	2.588	0.003	0.036	0.003	3.556	0.002	0.331	0.001	-0.021	0.003	6.923	0.007	0.369	0.002
2023-09-12	CTD_250	PS138_175-1	Transect_60E_04	seawater	CTD	88.670737	60.18934		chl-max	ML	PSW	ML	PS138-175-1-CTD-chlmax-16S	16S	25	87753	PS138-175-1-CTD-chlmax-16S_clip	L9424	PS138-175-1-CTD-chlmax-16S_clip_R1_001.fastq.gz	PS138-175-1-CTD-chlmax-16S_clip_R2_001.fastq.gz	126	21	PS138_175-1-N21	-1.7107	31.89	-1.7105	16.95	16.767	383.91	386.15	0.367	388.6	378.675	0.899	0.001	0.041	0	4.591	0.001	0.315	0	0.079	0.004	5.698	0.022	0.367	0.004	0.879	0.001	0.04	0	4.489	0.001	0.308	0	0.077	0.004	5.572	0.022	0.359	0.004
2023-09-12	CTD_266	PS138_176-1	Transect_60E_05	seawater	CTD	88.334041	59.615164	10	10	ML	PSW	ML	PS138-176-1-CTD-10-16S	16S	25	126868	PS138-176-1-CTD-10-16S_clip	L9424	PS138-176-1-CTD-10-16S_clip_R1_001.fastq.gz	PS138-176-1-CTD-10-16S_clip_R2_001.fastq.gz	135	24	PS138_176-1-N24	-1.6974	32.065	-1.6972	10.073	9.964	379.4	381.55	0.3785	388.6	378.622	1.007	0.001	0.055	0.003	4.823	0.007	0.331	0.001	0.137	0	5.902	0.02	0.382	0.002	0.985	0.001	0.054	0.003	4.715	0.007	0.324	0.001	0.134	0	5.77	0.02	0.373	0.002
2023-09-12	CTD_265	PS138_176-1	Transect_60E_05	seawater	CTD	88.334041	59.615164		chl-max	ML	PSW	ML	PS138-176-1-CTD-chlmax-16S	16S	25	124520	PS138-176-1-CTD-chlmax-16S_clip	L9424	PS138-176-1-CTD-chlmax-16S_clip_R1_001.fastq.gz	PS138-176-1-CTD-chlmax-16S_clip_R2_001.fastq.gz	134	22	PS138_176-1-N22	-1.6812	32.813	-1.6809	19.842	19.628	371.1	372.97	0.2553	380.9	370.899	2.195	0.002	0.07	0	4.364	0.001	0.354	0.002	-0.009	0.003	6.802	0.036	0.393	0.001	2.145	0.002	0.068	0	4.264	0.001	0.346	0.002	-0.009	0.003	6.647	0.035	0.384	0.001
2023-09-12	CTD_228	PS138_174-1	Transect_60E_03	seawater	CTD	88.995298	59.611314	1000	1000	AIW	NA	AIW	PS138-174-1-CTD-1000-16S	16S	25	145564	PS138-174-1-CTD-1000-16S_clip	L9424	PS138-174-1-CTD-1000-16S_clip_R1_001.fastq.gz	PS138-174-1-CTD-1000-16S_clip_R2_001.fastq.gz	115	5	PS138_174-1-N5	-0.056548	34.897	-0.0117	1013.29	999.971	298.46	299.53	-0.0543	NA	NA	NA	NA	NA	NA	NA	NA	NA	NA	NA	NA	NA	NA	NA	NA	NA	NA	NA	NA	NA	NA	NA	NA	NA	NA	NA	NA	NA	NA
2023-09-12	CTD_256	PS138_176-1	Transect_60E_05	seawater	CTD	88.334041	59.615164	1000	1000	AIW	NA	AIW	PS138-176-1-CTD-1000-16S	16S	25	170646	PS138-176-1-CTD-1000-16S_clip	L9424	PS138-176-1-CTD-1000-16S_clip_R1_001.fastq.gz	PS138-176-1-CTD-1000-16S_clip_R2_001.fastq.gz	129	5	PS138_176-1-N5	-0.074953	34.894	-0.03025	1013.658	1000.336	297.77	299.57	-0.0549	NA	NA	NA	NA	NA	NA	NA	NA	NA	NA	NA	NA	NA	NA	NA	NA	NA	NA	NA	NA	NA	NA	NA	NA	NA	NA	NA	NA	NA	NA
2023-09-12	CTD_212	PS138_173-1	Transect_60E_02	seawater	CTD	89.339373	59.19928	500	500	AW2	NA	AW2	PS138-173-1-CTD-500-16S	16S	25	40844	PS138-173-1-CTD-500-16S_clip	L9424	PS138-173-1-CTD-500-16S_clip_R1_001.fastq.gz	PS138-173-1-CTD-500-16S_clip_R2_001.fastq.gz	107	4	PS138_173-1-N4	0.92526	34.883	0.9495	506.392	500.342	296.19	297.16	-0.0543	NA	NA	NA	NA	NA	NA	NA	NA	NA	NA	NA	NA	NA	NA	NA	NA	NA	NA	NA	NA	NA	NA	NA	NA	NA	NA	NA	NA	NA	NA
2023-09-12	CTD_230	PS138_174-1	Transect_60E_03	seawater	CTD	88.995298	59.611314	500	500	AW2	NA	AW2	PS138-174-1-CTD-500-16S	16S	25	70341	PS138-174-1-CTD-500-16S_clip	L9424	PS138-174-1-CTD-500-16S_clip_R1_001.fastq.gz	PS138-174-1-CTD-500-16S_clip_R2_001.fastq.gz	116	8	PS138_174-1-N8	0.94973	34.886	0.97405	505.855	499.813	296.19	297.5	-0.0549	NA	NA	NA	NA	NA	NA	NA	NA	NA	NA	NA	NA	NA	NA	NA	NA	NA	NA	NA	NA	NA	NA	NA	NA	NA	NA	NA	NA	NA	NA
2023-09-12	CTD_242	PS138_175-1	Transect_60E_04	seawater	CTD	88.670737	60.18934	500	500	AW2	NA	AW2	PS138-175-1-CTD-500-16S	16S	25	117739	PS138-175-1-CTD-500-16S_clip	L9424	PS138-175-1-CTD-500-16S_clip_R1_001.fastq.gz	PS138-175-1-CTD-500-16S_clip_R2_001.fastq.gz	122	4	PS138_175-1-N4	0.98937	34.888	1.014	508.528	502.451	295.78	297.27	-0.0549	NA	NA	NA	NA	NA	NA	NA	NA	NA	NA	NA	NA	NA	NA	NA	NA	NA	NA	NA	NA	NA	NA	NA	NA	NA	NA	NA	NA	NA	NA
2023-09-12	CTD_258	PS138_176-1	Transect_60E_05	seawater	CTD	88.334041	59.615164	500	500	AW2	NA	AW2	PS138-176-1-CTD-500-16S	16S	25	85217	PS138-176-1-CTD-500-16S_clip	L9424	PS138-176-1-CTD-500-16S_clip_R1_001.fastq.gz	PS138-176-1-CTD-500-16S_clip_R2_001.fastq.gz	130	8	PS138_176-1-N8	1.0369	34.892	1.0616	505.151	499.12	295.62	296.48	-0.0543	NA	NA	NA	NA	NA	NA	NA	NA	NA	NA	NA	NA	NA	NA	NA	NA	NA	NA	NA	NA	NA	NA	NA	NA	NA	NA	NA	NA	NA	NA
2023-09-12	CTD_226	PS138_174-1	Transect_60E_03	seawater	CTD	88.995298	59.611314	3000	3000	EBBW	NA	EBBW	PS138-174-1-CTD-3000-16S	16S	25	174570	PS138-174-1-CTD-3000-16S_clip	L9424	PS138-174-1-CTD-3000-16S_clip_R1_001.fastq.gz	PS138-174-1-CTD-3000-16S_clip_R2_001.fastq.gz	114	3	PS138_174-1-N3	-0.89894	34.93	-0.72735	3054.077	2999.555	288.44	290.17	-0.0554	NA	NA	NA	NA	NA	NA	NA	NA	NA	NA	NA	NA	NA	NA	NA	NA	NA	NA	NA	NA	NA	NA	NA	NA	NA	NA	NA	NA	NA	NA
2023-09-12	CTD_254	PS138_176-1	Transect_60E_05	seawater	CTD	88.334041	59.615164	3000	3000	EBBW	NA	EBBW	PS138-176-1-CTD-3000-16S	16S	25	70216	PS138-176-1-CTD-3000-16S_clip	L9424	PS138-176-1-CTD-3000-16S_clip_R1_001.fastq.gz	PS138-176-1-CTD-3000-16S_clip_R2_001.fastq.gz	128	3	PS138_176-1-N3	-0.89999	34.93	-0.7284	3054.449	2999.926	288.77	290.56	-0.0566	NA	NA	NA	NA	NA	NA	NA	NA	NA	NA	NA	NA	NA	NA	NA	NA	NA	NA	NA	NA	NA	NA	NA	NA	NA	NA	NA	NA	NA	NA
2023-09-11	CTD_168	PS138_166-1	Ice_Station07	seawater	CTD	89.771984	-1.940574	200	200	AW1	NA	AW1	PS138-166-01-CTD-200-16S	16S	25	34993	PS138-166-01-CTD-200-16S_clip	LMN22	PS138-166-01-CTD-200-16S_clip_R1_001.fastq.gz	PS138-166-01-CTD-200-16S_clip_R2_001.fastq.gz	85	3	PS138_166-1-N3	0.89891	34.758	0.90795	202.675	200.4	294.32	296.72	-0.04	304.4	295.972	11.521	0.011	-0.007	0.002	5.394	0.003	0.786	0.002	-0.006	0.004	14.581	0.014	0.74	0.003	11.241	0.011	-0.007	0.002	5.263	0.003	0.767	0.002	-0.006	0.004	14.227	0.014	0.722	0.003
2023-09-11	CTD_186	PS138_166-1	Ice_Station07	seawater	CTD	89.751807	-2.193889	2000	2000	LHC	NA	LHC	PS138-168-01-CTD-2000-16S	16S	25	43223	PS138-168-01-CTD-2000-16S_clip	LMN22	PS138-168-01-CTD-2000-16S_clip_R1_001.fastq.gz	PS138-168-01-CTD-2000-16S_clip_R2_001.fastq.gz	94	8	PS138_166-1-N8	-1.2994	34.157	-1.2971	100.814	99.707	311.9	314.58	-0.0273	319.2	310.49	8.148	0.001	-0.002	0	5.62	0.008	0.65	0.008	-0.011	0	11.571	0.029	0.627	0	7.954	0.001	-0.002	0	5.486	0.008	0.635	0.008	-0.011	0	11.295	0.028	0.612	0
2023-09-11	CTD_170	PS138_166-1	Ice_Station07	seawater	CTD	89.771984	-1.940574	100	100	LHC	NA	LHC	PS138-166-01-CTD-100-16S	16S	25	30337	PS138-166-01-CTD-100-16S_clip	LMN22	PS138-166-01-CTD-100-16S_clip_R1_001.fastq.gz	PS138-166-01-CTD-100-16S_clip_R2_001.fastq.gz	86	8	PS138_166-1-N8	-1.2994	34.157	-1.2971	100.814	99.707	311.9	314.58	-0.0273	319.2	310.49	8.148	0.001	-0.002	0	5.62	0.008	0.65	0.008	-0.011	0	11.571	0.029	0.627	0	7.954	0.001	-0.002	0	5.486	0.008	0.635	0.008	-0.011	0	11.295	0.028	0.612	0
2023-09-11	CTD_172	PS138_166-1	Ice_Station07	seawater	CTD	89.771984	-1.940574	50	50	UHC	NA	UHC	PS138-166-01-CTD-50-16S	16S	25	49119	PS138-166-01-CTD-50-16S_clip	LMN22	PS138-166-01-CTD-50-16S_clip_R1_001.fastq.gz	PS138-166-01-CTD-50-16S_clip_R2_001.fastq.gz	87	12	PS138_166-1-N12	-1.6126	32.513	-1.6118	50.74	50.189	337.62	340.43	0.03	339.3	330.465	6.882	0.003	0.004	0	15.645	0.014	0.901	0.001	-0.013	0.001	11.252	0.007	0.863	0	6.726	0.003	0.004	0	15.291	0.014	0.881	0.001	-0.013	0.001	10.997	0.007	0.843	0
2023-09-11	CTD_178	PS138_166-1	Ice_Station07	seawater	CTD	89.771984	-1.940574	2	2	ML	PSW	ML	PS138-166-01-CTD-2-16S	16S	25	12208	PS138-166-01-CTD-2-16S_clip	LMN22	PS138-166-01-CTD-2-16S_clip_R1_001.fastq.gz	PS138-166-01-CTD-2-16S_clip_R2_001.fastq.gz	90	24	PS138_166-1-N24	-1.6447	30.583	-1.6447	1.81	1.791	388.13	391.82	0.3177	397.9	388.147	0.229	0.002	0.007	0	4.278	0.004	0.491	0.001	0.086	0.001	5.201	0.017	0.519	0.002	0.224	0.002	0.007	0	4.187	0.004	0.481	0.001	0.084	0.001	5.091	0.017	0.508	0.002
2023-09-11	CTD_176	PS138_166-1	Ice_Station07	seawater	CTD	89.771984	-1.940574	10	10	ML	PSW	ML	PS138-166-01-CTD-10-16S	16S	25	30083	PS138-166-01-CTD-10-16S_clip	LMN22	PS138-166-01-CTD-10-16S_clip_R1_001.fastq.gz	PS138-166-01-CTD-10-16S_clip_R2_001.fastq.gz	89	21	PS138_166-1-N21	-1.5989	30.948	-1.5988	10.131	10.022	386.97	391.43	0.3802	397.8	387.936	0.694	0.001	0.056	0	4.741	0.004	0.53	0.001	0.035	0.002	5.681	0.03	0.552	0.003	0.679	0.001	0.055	0	4.639	0.004	0.519	0.001	0.034	0.002	5.559	0.029	0.54	0.003
2023-09-11	CTD_194	PS138_172-1	Transect_60E_01	seawater	CTD	89.751807	-2.193889	4270	bottom+5	EBBW	NA	EBBW	PS138-172-1-CTD-4270-16S	16S	25	253694	PS138-172-1-CTD-4270-16S_clip	L9424	PS138-172-1-CTD-4270-16S_clip_R1_001.fastq.gz	PS138-172-1-CTD-4270-16S_clip_R2_001.fastq.gz	98	1	PS138_172-1-N1	-0.92182	34.942	-0.6271	4360.877	4270.292	285.12	290.29	-0.0543	305	296.489	19.739	0	0.057	0	11.936	0	1.025	0	0.028	0	17.848	0	0.936	0	19.257	0	0.056	0	11.645	0	1	0	0.027	0	17.412	0	0.913	0
2023-09-11	CTD_202	PS138_172-1	Transect_60E_01	seawater	CTD	89.751807	-2.193889	200	200	AW1	NA	AW1	PS138-172-1-CTD-200-16S	16S	25	82426	PS138-172-1-CTD-200-16S_clip	L9424	PS138-172-1-CTD-200-16S_clip_R1_001.fastq.gz	PS138-172-1-CTD-200-16S_clip_R2_001.fastq.gz	102	13	PS138_172-1-N13	0.86904	34.755	0.878	202.203	199.934	294.37	294.57	-0.0486	304.3	295.878	11.749	0.014	0.297	0.019	5.341	0.002	0.799	0	-0.007	0.001	15.126	0.002	0.752	0.004	11.464	0.014	0.29	0.019	5.211	0.002	0.78	0	-0.007	0.001	14.759	0.002	0.734	0.004
2023-09-11	CTD_204	PS138_172-1	Transect_60E_01	seawater	CTD	89.751807	-2.193889	100	100	LHC	NA	LHC	PS138-172-1-CTD-100-16S	16S	25	66852	PS138-172-1-CTD-100-16S_clip	L9424	PS138-172-1-CTD-100-16S_clip_R1_001.fastq.gz	PS138-172-1-CTD-100-16S_clip_R2_001.fastq.gz	103	16	PS138_172-1-N16	-1.3621	34.103	-1.3598	101.033	99.923	312.18	312.33	-0.0044	320	311.278	7.959	0.028	0.375	0.014	5.747	0.02	0.654	0.001	-0.018	0	11.664	0.012	0.629	0	7.77	0.027	0.366	0.014	5.61	0.02	0.638	0.001	-0.018	0	11.386	0.012	0.614	0
2023-09-11	CTD_206	PS138_172-1	Transect_60E_01	seawater	CTD	89.751807	-2.193889	50	50	PSW	NA	PSW	PS138-172-1-CTD-50-16S	16S	25	215941	PS138-172-1-CTD-50-16S_clip	L9424	PS138-172-1-CTD-50-16S_clip_R1_001.fastq.gz	PS138-172-1-CTD-50-16S_clip_R2_001.fastq.gz	104	19	PS138_172-1-N19	-1.6802	32.464	-1.6794	50.379	49.832	373.22	375.45	0.0581	384.5	374.505	2.259	0.007	0.581	0.017	5.491	0	0.436	0.001	-0.014	0	6.921	0.014	0.455	0.002	2.208	0.007	0.568	0.017	5.367	0	0.426	0.001	-0.014	0	6.765	0.014	0.445	0.002
2023-09-11	CTD_208	PS138_172-1	Transect_60E_01	seawater	CTD	89.751807	-2.193889		chl-max	ML	PSW	ML	PS138-172-1-CTD-chlmax-16S	16S	25	70512	PS138-172-1-CTD-chlmax-16S_clip	L9424	PS138-172-1-CTD-chlmax-16S_clip_R1_001.fastq.gz	PS138-172-1-CTD-chlmax-16S_clip_R2_001.fastq.gz	105	22	PS138_172-1-N22	-1.6425	30.621	-1.6423	15.087	14.924	387.79	388.18	0.681	398.8	389.014	0.168	0.006	0.628	0.055	4.064	0.002	0.492	0.002	0.012	0.001	4.979	0.001	0.525	0.003	0.164	0.006	0.615	0.054	3.978	0.002	0.482	0.002	0.012	0.001	4.873	0.001	0.514	0.003
2023-09-11	CTD_210	PS138_172-1	Transect_60E_01	seawater	CTD	89.751807	-2.193889	10	10	ML	PSW	ML	PS138-172-1-CTD-10-16S	16S	25	72913	PS138-172-1-CTD-10-16S_clip	L9424	PS138-172-1-CTD-10-16S_clip_R1_001.fastq.gz	PS138-172-1-CTD-10-16S_clip_R2_001.fastq.gz	106	24	PS138_172-1-N24	-1.6412	30.673	-1.641	9.795	9.69	387.78	388.3	0.6329	398.7	388.899	0.209	0.012	0.655	0.12	4.09	0.011	0.495	0.002	0.03	0.005	4.954	0.011	0.527	0.006	0.205	0.012	0.641	0.117	4.003	0.011	0.484	0.002	0.029	0.005	4.849	0.011	0.516	0.006
2023-09-11	CTD_198	PS138_172-1	Transect_60E_01	seawater	CTD	89.751807	-2.193889	1000	1000	AIW	NA	AIW	PS138-172-1-CTD-1000-16S	16S	25	102550	PS138-172-1-CTD-1000-16S_clip	L9424	PS138-172-1-CTD-1000-16S_clip_R1_001.fastq.gz	PS138-172-1-CTD-1000-16S_clip_R2_001.fastq.gz	100	5	PS138_172-1-N5	-0.089421	34.889	-0.04485	1013.688	1000.361	297.4	297.92	-0.0549	NA	NA	NA	NA	NA	NA	NA	NA	NA	NA	NA	NA	NA	NA	NA	NA	NA	NA	NA	NA	NA	NA	NA	NA	NA	NA	NA	NA	NA	NA
2023-09-11	CTD_180	PS138_166-1	Ice_Station07	seawater	CTD	89.751807	-2.193889	4233.4	bottom+5	AW1	NA	AW1	PS138-168-01-CTD-4233-4-16S	16S	25	125893	PS138-168-01-CTD-4233-4-16S_clip	LMN22	PS138-168-01-CTD-4233-4-16S_clip_R1_001.fastq.gz	PS138-168-01-CTD-4233-4-16S_clip_R2_001.fastq.gz	91	1	PS138_166-1-N1	0.89073	34.755	0.89975	202.674	200.399	294.15	296.29	-0.0549	NA	NA	NA	NA	NA	NA	NA	NA	NA	NA	NA	NA	NA	NA	NA	NA	NA	NA	NA	NA	NA	NA	NA	NA	NA	NA	NA	NA	NA	NA
2023-09-11	CTD_200	PS138_172-1	Transect_60E_01	seawater	CTD	89.751807	-2.193889	500	500	AW2	NA	AW2	PS138-172-1-CTD-500-16S	16S	25	124897	PS138-172-1-CTD-500-16S_clip	L9424	PS138-172-1-CTD-500-16S_clip_R1_001.fastq.gz	PS138-172-1-CTD-500-16S_clip_R2_001.fastq.gz	101	8	PS138_172-1-N8	0.74352	34.869	0.76695	506.182	500.135	297.62	297.62	-0.0543	NA	NA	NA	NA	NA	NA	NA	NA	NA	NA	NA	NA	NA	NA	NA	NA	NA	NA	NA	NA	NA	NA	NA	NA	NA	NA	NA	NA	NA	NA
2023-09-11	CTD_196	PS138_172-1	Transect_60E_01	seawater	CTD	89.751807	-2.193889	3000	3000	EBBW	NA	EBBW	PS138-172-1-CTD-3000-16S	16S	25	248647	PS138-172-1-CTD-3000-16S_clip	L9424	PS138-172-1-CTD-3000-16S_clip_R1_001.fastq.gz	PS138-172-1-CTD-3000-16S_clip_R2_001.fastq.gz	99	3	PS138_172-1-N3	-0.89306	34.93	-0.72125	3055.003	3000.454	288.09	289.65	-0.0543	NA	NA	NA	NA	NA	NA	NA	NA	NA	NA	NA	NA	NA	NA	NA	NA	NA	NA	NA	NA	NA	NA	NA	NA	NA	NA	NA	NA	NA	NA
2023-09-11	CTD_182	PS138_166-1	Ice_Station07	seawater	CTD	89.751807	-2.193889	4216.9	bottom+20	LHC	NA	LHC	PS138-168-01-CTD-4216-9-16S	16S	25	37038	PS138-168-01-CTD-4216-9-16S_clip	LMN22	PS138-168-01-CTD-4216-9-16S_clip_R1_001.fastq.gz	PS138-168-01-CTD-4216-9-16S_clip_R2_001.fastq.gz	92	4	PS138_166-1-N4	-0.30286	34.5	-0.29785	151.317	149.637	305.6	307.68	-0.0543	NA	NA	NA	NA	NA	NA	NA	NA	NA	NA	NA	NA	NA	NA	NA	NA	NA	NA	NA	NA	NA	NA	NA	NA	NA	NA	NA	NA	NA	NA
2023-09-11	CTD_184	PS138_166-1	Ice_Station07	seawater	CTD	89.751807	-2.193889	3000	3000	LHC	NA	LHC	PS138-168-01-CTD-3000-16S	16S	25	98146	PS138-168-01-CTD-3000-16S_clip	LMN22	PS138-168-01-CTD-3000-16S_clip_R1_001.fastq.gz	PS138-168-01-CTD-3000-16S_clip_R2_001.fastq.gz	93	6	PS138_166-1-N6	-1.2808	34.164	-1.2784	100.822	99.715	310.99	313.83	-0.0262	NA	NA	NA	NA	NA	NA	NA	NA	NA	NA	NA	NA	NA	NA	NA	NA	NA	NA	NA	NA	NA	NA	NA	NA	NA	NA	NA	NA	NA	NA
2023-09-11	CTD_174	PS138_166-1	Ice_Station07	seawater	CTD	89.771984	-1.940574	25	25	ML	PSW	ML	PS138-166-01-CTD-25-16S	16S	25	64509	PS138-166-01-CTD-25-16S_clip	LMN22	PS138-166-01-CTD-25-16S_clip_R1_001.fastq.gz	PS138-166-01-CTD-25-16S_clip_R2_001.fastq.gz	88	19	PS138_166-1-N19	-1.6032	31.153	-1.6029	25.113	24.841	384.73	388.24	0.3165	NA	NA	NA	NA	NA	NA	NA	NA	NA	NA	NA	NA	NA	NA	NA	NA	NA	NA	NA	NA	NA	NA	NA	NA	NA	NA	NA	NA	NA	NA
2023-09-11	CTD_192	PS138_166-1	Ice_Station07	seawater	CTD	89.751807	-2.193889	500	500	ML	PSW	ML	PS138-168-01-CTD-500-16S	16S	25	89002	PS138-168-01-CTD-500-16S_clip	L9424	PS138-168-01-CTD-500-16S_clip_R1_001.fastq.gz	PS138-168-01-CTD-500-16S_clip_R2_001.fastq.gz	97	19	PS138_166-1-N19	-1.6032	31.153	-1.6029	25.113	24.841	384.73	388.24	0.3165	NA	NA	NA	NA	NA	NA	NA	NA	NA	NA	NA	NA	NA	NA	NA	NA	NA	NA	NA	NA	NA	NA	NA	NA	NA	NA	NA	NA	NA	NA
2023-09-11	CTD_188	PS138_166-1	Ice_Station07	seawater	CTD	89.751807	-2.193889	1500	1500	UHC	NA	UHC	PS138-168-01-CTD-1500-16S	16S	25	146957	PS138-168-01-CTD-1500-16S_clip	LMN22	PS138-168-01-CTD-1500-16S_clip_R1_001.fastq.gz	PS138-168-01-CTD-1500-16S_clip_R2_001.fastq.gz	95	10	PS138_166-1-N10	-1.6095	32.543	-1.6087	50.74	50.189	332.09	338.51	0.03	NA	NA	NA	NA	NA	NA	NA	NA	NA	NA	NA	NA	NA	NA	NA	NA	NA	NA	NA	NA	NA	NA	NA	NA	NA	NA	NA	NA	NA	NA
2023-09-09	CTD_429	PS138_216-1	Ice_Station09	seawater	OFOBS	85.442497	59.957885		vent-plume	NA	NA	vent-plume	PS138-216-1-OFOBS--16S	16S	25	112526	PS138-216-1-OFOBS-16S_clip	L95YW	PS138-216-1-OFOBS-16S_clip_R1_001.fastq.gz	PS138-216-1-OFOBS-16S_clip_R2_001.fastq.gz	217	NA	PS138_216-1-N	NA	NA	NA	NA	NA	NA	NA	NA	NA	NA	NA	NA	NA	NA	NA	NA	NA	NA	NA	NA	NA	NA	NA	NA	NA	NA	NA	NA	NA	NA	NA	NA	NA	NA	NA	NA	NA	NA
2023-09-08	ICE_62	PS138_213_Coring-001-009	Ice_Station09	ice core	ice_corer	85.46397	59.969562	NA	Ice-TS	NA	NA	Ice-TS	PS138-213-1-ICE-Ice-TS-16S	16S	25	90915	PS138-213-1-ICE-Ice-TS-16S_clip	L95YW	PS138-213-1-ICE-Ice-TS-16S_clip_R1_001.fastq.gz	PS138-213-1-ICE-Ice-TS-16S_clip_R2_001.fastq.gz	248	top section	PS138_Lena_37	NA	NA	NA	NA	NA	NA	NA	NA	NA	NA	0.539	0.001	0.014	0	0.237	0	0.044	0.001	0.781	0.002	2.835	0.001	0.012	0.002														
2023-09-08	ICE_42	PS138_152_Coring-014	Ice_Station07	meltpond	hand_pump	89.935866	-15.222563	NA	MP	NA	NA	MP	PS138-152-1-ICE-MP-16S	16S	25	62626	PS138-152-1-ICE-MP-16S_clip	L95YW	PS138-152-1-ICE-MP-16S_clip_R1_001.fastq.gz	PS138-152-1-ICE-MP-16S_clip_R2_001.fastq.gz	238		PS138_Lena_28	NA	NA	NA	NA	NA	NA	NA	NA	NA	NA	0.549	0.001	0.022	0.001	0.833	0	0.134	0.001	0.392	0	3.072	0.009	0.127	0.002														
2023-09-08	ICE_48	PS138_152_Coring-001-009	Ice_Station07	ice core	ice_corer	89.935866	-15.222563	NA	Ice-TS	NA	NA	Ice-TS	PS138-152-1-ICE-Ice-TS-16S	16S	25	105049	PS138-152-1-ICE-Ice-TS-16S_clip	L95YW	PS138-152-1-ICE-Ice-TS-16S_clip_R1_001.fastq.gz	PS138-152-1-ICE-Ice-TS-16S_clip_R2_001.fastq.gz	241	top section	PS138_Lena_30	NA	NA	NA	NA	NA	NA	NA	NA	NA	NA	0.65	0.001	0.024	0	0.269	0.001	0.066	0.002	1.077	0	4.318	0.004	0.062	0.001														
2023-09-08	ICE_60	PS138_213_Coring-001-009	Ice_Station09	ice core	ice_corer	85.46397	59.969562	NA	Ice-BS	NA	NA	Ice-BS	PS138-213-1-ICE-Ice-BS-16S	16S	25	83731	PS138-213-1-ICE-Ice-BS-16S_clip	L95YW	PS138-213-1-ICE-Ice-BS-16S_clip_R1_001.fastq.gz	PS138-213-1-ICE-Ice-BS-16S_clip_R2_001.fastq.gz	247	bottom section	PS138_Lena_36	NA	NA	NA	NA	NA	NA	NA	NA	NA	NA	0.745	0.004	0.026	0	0.625	0.39	0.087	0.004	1.299	0.002	4.655	0.003	0.087	0.001														
2023-09-08	ICE_44	PS138_152_Coring-013	Ice_Station07	under-ice water	hand_pump	89.935866	-15.222563	NA	UIW	NA	NA	UIW	PS138-152-1-ICE-UIW-16S	16S	25	95343	PS138-152-1-ICE-UIW-16S_clip	L95YW	PS138-152-1-ICE-UIW-16S_clip_R1_001.fastq.gz	PS138-152-1-ICE-UIW-16S_clip_R2_001.fastq.gz	239	1.5 m below ice	PS138_Lena_27	NA	NA	NA	NA	NA	NA	NA	NA	NA	NA	0.75	0.003	0.027	0	3.901	0.002	0.427	0.001	1.008	0.004	7.268	0.032	0.467	0.001														
2023-09-08	CTD_426	PS138_222-1	Ice_Station09	seawater	CTD	85.436757	59.985549	10	10	ML	PSW	ML	PS138-218-1-CTD-10-16S	16S	25	226753	PS138-218-1-CTD-10-16S_clip	L95YW	PS138-218-1-CTD-10-16S_clip_R1_001.fastq.gz	PS138-218-1-CTD-10-16S_clip_R2_001.fastq.gz	215	21	PS138_222-1-N21	-1.7953	33.2	-1.7952	10.471	10.359	373.53	376.39	0.6495	385.9	375.642	1.602	0.005	0.028	0	0.88	0.001	0.195	0.001	0.163	0	5.623	0.001	0.264	0.001	1.565	0.005	0.027	0	0.86	0.001	0.19	0.001	0.159	0	5.493	0.001	0.258	0.001
2023-09-08	CTD_428	PS138_222-1	Ice_Station09	seawater	CTD	85.436757	59.985549	2	2	ML	PSW	ML	PS138-218-1-CTD-2-16S	16S	25	118890	PS138-218-1-CTD-2-16S_clip	L95YW	PS138-218-1-CTD-2-16S_clip_R1_001.fastq.gz	PS138-218-1-CTD-2-16S_clip_R2_001.fastq.gz	216	24	PS138_222-1-N24	-1.7888	33.199	-1.7887	2.365	2.339	373.72	376.44	0.5968	386.4	376.129	1.588	0.004	0.029	0.002	0.889	0.008	0.193	0.002	0.146	0.003	5.562	0.007	0.268	0	1.551	0.004	0.028	0.002	0.868	0.008	0.189	0.002	0.143	0.003	5.433	0.007	0.262	0
2023-09-08	ICE_58	PS138_213_Coring-013	Ice_Station09	under-ice water	hand_pump	85.46397	59.969562	NA	UIW	NA	NA	UIW	PS138-213-1-ICE-UIW-16S	16S	25	109120	PS138-213-1-ICE-UIW-16S_clip	L95YW	PS138-213-1-ICE-UIW-16S_clip_R1_001.fastq.gz	PS138-213-1-ICE-UIW-16S_clip_R2_001.fastq.gz	246		PS138_Lena_35	NA	NA	NA	NA	NA	NA	NA	NA	NA	NA	2.156	0.006	0.044	0.002	0.871	0.008	0.214	0.001	1.001	0.009	7.479	0.046	0.276	0.004														
2023-09-08	ICE_46	PS138_152_Coring-001-009	Ice_Station07	ice core	ice_corer	89.935866	-15.222563	NA	Ice-BS	NA	NA	Ice-BS	PS138-152-1-ICE-Ice-BS-16S	16S	25	139565	PS138-152-1-ICE-Ice-BS-16S_clip	L95YW	PS138-152-1-ICE-Ice-BS-16S_clip_R1_001.fastq.gz	PS138-152-1-ICE-Ice-BS-16S_clip_R2_001.fastq.gz	240	bottom section	PS138_Lena_29	NA	NA	NA	NA	NA	NA	NA	NA	NA	NA	0.787	0.001	0.047	0	0.494	0	0.143	0.001	1.859	0.007	14.365	0.009	0.147	0.001														
2023-09-08	CTD_422	PS138_222-1	Ice_Station09	seawater	CTD	85.436757	59.985549	50	50	PSW	LHC	PSW	PS138-218-1-CTD-50-16S	16S	25	127738	PS138-218-1-CTD-50-16S_clip	L95YW	PS138-218-1-CTD-50-16S_clip_R1_001.fastq.gz	PS138-218-1-CTD-50-16S_clip_R2_001.fastq.gz	213	12	PS138_222-1-N12	-1.7655	34.192	-1.7645	50.474	49.928	368.37	370.32	0.2312	376.9	366.587	4.074	0.005	0.092	0.001	1.512	0	0.348	0.001	-0.01	0.003	7.591	0.004	0.383	0.001	3.977	0.005	0.09	0.001	1.476	0	0.34	0.001	-0.01	0.003	7.41	0.004	0.374	0.001
2023-09-08	CTD_424	PS138_222-1	Ice_Station09	seawater	CTD	85.436757	59.985549		chl-max	ML	PSW	ML	PS138-218-1-CTD-chlmax-16S	16S	25	271043	PS138-218-1-CTD-chlmax-16S_clip	L95YW	PS138-218-1-CTD-chlmax-16S_clip_R1_001.fastq.gz	PS138-218-1-CTD-chlmax-16S_clip_R2_001.fastq.gz	214	19	PS138_222-1-N19	-1.6531	33.894	-1.6526	25.37	25.097	376.02	378.26	0.4655	NA	NA	NA	NA	NA	NA	NA	NA	NA	NA	NA	NA	NA	NA	NA	NA	NA	NA	NA	NA	NA	NA	NA	NA	NA	NA	NA	NA	NA	NA
2023-09-04	CTD_154	PS138_145-1	Ice_Station06	seawater	CTD	88.439611	114.67099	4308	bottom+5	EBBW	NA	EBBW	PS138-143-1-CTD-4308-16S	16S	25	53884	PS138-143-1-CTD-4308-16S_clip	LMN22	PS138-143-1-CTD-4308-16S_clip_R1_001.fastq.gz	PS138-143-1-CTD-4308-16S_clip_R2_001.fastq.gz	77	1	PS138_145-1-N1	-0.92308	34.942	-0.62435	4399.268	4307.528	286.91	289.9	-0.0543	304.7	296.201	14.819	0	-0.01	0	11.933	0	1.024	0	0.002	0	16.708	0	0.933	0	14.457	0	-0.01	0	11.642	0	0.999	0	0.002	0	16.3	0	0.91	0
2023-09-04	CTD_142	PS138_143-1	Ice_Station06	seawater	CTD	85.032392	129.47622	200	200	AW1	NA	AW1	PS138-139-1-CTD-200-16S	16S	25	145255	PS138-139-1-CTD-200-16S_clip	LMN22	PS138-139-1-CTD-200-16S_clip_R1_001.fastq.gz	PS138-139-1-CTD-200-16S_clip_R2_001.fastq.gz	71	3	PS138_143-1-N3	1.1889	34.818	1.1985	202.367	200.097	297.13	297.31	-0.0532	306.1	297.612	11.793	0	-0.009	0	5.034	0	0.799	0	0	0	14.57	0	0.763	0	11.506	0	-0.009	0	4.912	0	0.78	0	0	0	14.216	0	0.744	0
2023-09-04	CTD_144	PS138_143-1	Ice_Station06	seawater	CTD	85.032392	129.47622	100	100	LHC	NA	LHC	PS138-139-1-CTD-100-16S	16S	25	55897	PS138-139-1-CTD-100-16S_clip	LMN22	PS138-139-1-CTD-100-16S_clip_R1_001.fastq.gz	PS138-139-1-CTD-100-16S_clip_R2_001.fastq.gz	72	8	PS138_143-1-N8	-0.86347	34.37	-0.8607	101.355	100.243	312.99	313.52	-0.0273	318	309.27	8.669	0.004	-0.001	0	4.688	0.003	0.66	0	-0.004	0.001	11.807	0.023	0.64	0	8.461	0.004	-0.001	0	4.576	0.003	0.644	0	-0.004	0.001	11.524	0.022	0.625	0
2023-09-04	CTD_152	PS138_143-1	Ice_Station06	seawater	CTD	85.032392	129.47622	50	50	ML	PSW	ML	PS138-139-1-CTD-50-16S	16S	25	232707	PS138-139-1-CTD-50-16S_clip	LMN22	PS138-139-1-CTD-50-16S_clip_R1_001.fastq.gz	PS138-139-1-CTD-50-16S_clip_R2_001.fastq.gz	76	24	PS138_143-1-N24	-1.6987	32.267	-1.6986	2.525	2.498	384.72	387.28	0.3951	393.7	383.526	0.553	0.016	0.012	0	4.156	0.012	0.298	0.001	0.144	0.009	5.482	0.016	0.371	0.015	0.541	0.016	0.012	0	4.063	0.012	0.291	0.001	0.141	0.009	5.359	0.016	0.363	0.015
2023-09-04	CTD_150	PS138_143-1	Ice_Station06	seawater	CTD	85.032392	129.47622	2	2	ML	PSW	ML	PS138-139-1-CTD-2-16S	16S	25	125321	PS138-139-1-CTD-2-16S_clip	LMN22	PS138-139-1-CTD-2-16S_clip_R1_001.fastq.gz	PS138-139-1-CTD-2-16S_clip_R2_001.fastq.gz	75	21	PS138_143-1-N21	-1.7044	32.239	-1.7043	10.043	9.935	384.03	387.53	0.4942	392.1	381.976	0.732	0.001	0.019	0.001	3.98	0.003	0.297	0.001	0.177	0.001	5.691	0.023	0.356	0.001	0.716	0.001	0.019	0.001	3.891	0.003	0.29	0.001	0.173	0.001	5.563	0.022	0.348	0.001
2023-09-04	CTD_146	PS138_143-1	Ice_Station06	seawater	CTD	85.032392	129.47622	25	25	UHC	NA	UHC	PS138-139-1-CTD-25-16S	16S	25	68423	PS138-139-1-CTD-25-16S_clip	LMN22	PS138-139-1-CTD-25-16S_clip_R1_001.fastq.gz	PS138-139-1-CTD-25-16S_clip_R2_001.fastq.gz	73	12	PS138_143-1-N12	-1.7027	33.31	-1.7018	50.411	49.864	351.17	354.7	0.1423	354.8	345.341	4.421	0.004	0.028	0.001	5.842	0	0.487	0.001	0.001	0.001	8.731	0.016	0.507	0.001	4.318	0.004	0.027	0.001	5.706	0	0.476	0.001	0.001	0.001	8.528	0.016	0.495	0.001
2023-09-04	CTD_164	PS138_145-1	Ice_Station06	seawater	CTD	88.439611	114.67099	1000	1000	AIW	NA	AIW	PS138-143-1-CTD-1000-16S	16S	25	78276	PS138-143-1-CTD-1000-16S_clip	LMN22	PS138-143-1-CTD-1000-16S_clip_R1_001.fastq.gz	PS138-143-1-CTD-1000-16S_clip_R2_001.fastq.gz	82	14	PS138_145-1-N14	-0.32388	34.862	-0.2814	1013.459	1000.14	299.03	299.16	-0.0554	NA	NA	NA	NA	NA	NA	NA	NA	NA	NA	NA	NA	NA	NA	NA	NA	NA	NA	NA	NA	NA	NA	NA	NA	NA	NA	NA	NA	NA	NA
2023-09-04	CTD_166	PS138_145-1	Ice_Station06	seawater	CTD	88.439611	114.67099	500	500	AW2	NA	AW2	PS138-143-1-CTD-500-16S	16S	25	134225	PS138-143-1-CTD-500-16S_clip	LMN22	PS138-143-1-CTD-500-16S_clip_R1_001.fastq.gz	PS138-143-1-CTD-500-16S_clip_R2_001.fastq.gz	83	19	PS138_145-1-N19	0.59393	34.855	0.6167	506.075	500.031	298.4	298.5	-0.0549	NA	NA	NA	NA	NA	NA	NA	NA	NA	NA	NA	NA	NA	NA	NA	NA	NA	NA	NA	NA	NA	NA	NA	NA	NA	NA	NA	NA	NA	NA
2023-09-04	CTD_160	PS138_145-1	Ice_Station06	seawater	CTD	88.439611	114.67099	2000	2000	CBDW	EBDW	CBDW	PS138-143-1-CTD-2000-16S	16S	25	21235	PS138-143-1-CTD-2000-16S_clip	LMN22	PS138-143-1-CTD-2000-16S_clip_R1_001.fastq.gz	PS138-143-1-CTD-2000-16S_clip_R2_001.fastq.gz	80	8	PS138_145-1-N8	-0.74679	34.918	-0.64925	2031.568	2000.049	287.81	288.09	-0.0543	NA	NA	NA	NA	NA	NA	NA	NA	NA	NA	NA	NA	NA	NA	NA	NA	NA	NA	NA	NA	NA	NA	NA	NA	NA	NA	NA	NA	NA	NA
2023-09-04	CTD_156	PS138_145-1	Ice_Station06	seawater	CTD	88.439611	114.67099	4292	bottom+20	EBBW	NA	EBBW	PS138-143-1-CTD-4292-16S	16S	25	82838	PS138-143-1-CTD-4292-16S_clip	LMN22	PS138-143-1-CTD-4292-16S_clip_R1_001.fastq.gz	PS138-143-1-CTD-4292-16S_clip_R2_001.fastq.gz	78	4	PS138_145-1-N4	-0.92284	34.942	-0.62585	4382.752	4291.516	288.14	289.91	-0.0543	NA	NA	NA	NA	NA	NA	NA	NA	NA	NA	NA	NA	NA	NA	NA	NA	NA	NA	NA	NA	NA	NA	NA	NA	NA	NA	NA	NA	NA	NA
2023-09-04	CTD_158	PS138_145-1	Ice_Station06	seawater	CTD	88.439611	114.67099	3000	3000	EBBW	NA	EBBW	PS138-143-1-CTD-3000-16S	16S	25	53844	PS138-143-1-CTD-3000-16S_clip	LMN22	PS138-143-1-CTD-3000-16S_clip_R1_001.fastq.gz	PS138-143-1-CTD-3000-16S_clip_R2_001.fastq.gz	79	6	PS138_145-1-N6	-0.9028	34.931	-0.73125	3054.721	3000.19	285.4	286.77	-0.0549	NA	NA	NA	NA	NA	NA	NA	NA	NA	NA	NA	NA	NA	NA	NA	NA	NA	NA	NA	NA	NA	NA	NA	NA	NA	NA	NA	NA	NA	NA
2023-09-04	CTD_162	PS138_145-1	Ice_Station06	seawater	CTD	88.439611	114.67099	1500	1500	EBDW	NA	EBDW	PS138-143-1-CTD-1500-16S	16S	25	52213	PS138-143-1-CTD-1500-16S_clip	LMN22	PS138-143-1-CTD-1500-16S_clip_R1_001.fastq.gz	PS138-143-1-CTD-1500-16S_clip_R2_001.fastq.gz	81	10	PS138_145-1-N10	-0.52292	34.912	-0.45425	1522.204	1500.385	291.19	291.58	-0.0543	NA	NA	NA	NA	NA	NA	NA	NA	NA	NA	NA	NA	NA	NA	NA	NA	NA	NA	NA	NA	NA	NA	NA	NA	NA	NA	NA	NA	NA	NA
2023-09-04	CTD_148	PS138_143-1	Ice_Station06	seawater	CTD	85.032392	129.47622	10	10	ML	PSW	ML	PS138-139-1-CTD-10-16S	16S	25	66202	PS138-139-1-CTD-10-16S_clip	LMN22	PS138-139-1-CTD-10-16S_clip_R1_001.fastq.gz	PS138-139-1-CTD-10-16S_clip_R2_001.fastq.gz	74	19	PS138_143-1-N19	-1.6672	32.521	-1.6669	25.619	25.342	380.35	383.34	0.3389	NA	NA	NA	NA	NA	NA	NA	NA	NA	NA	NA	NA	NA	NA	NA	NA	NA	NA	NA	NA	NA	NA	NA	NA	NA	NA	NA	NA	NA	NA
2023-09-04	CTD_140	PS138_132-1	Ice_Station06	seawater	OFOBS	85.032392	129.47622		bottom	NA	NA	bottom	PS138-132-1-OFOBS-16S	16S	25	11276	PS138-132-1-OFOBS-16S_clip	LMN22	PS138-132-1-OFOBS-16S_clip_R1_001.fastq.gz	PS138-132-1-OFOBS-16S_clip_R2_001.fastq.gz	70	NA	PS138_132-1-N	NA	NA	NA	NA	NA	NA	NA	NA	NA	NA	NA	NA	NA	NA	NA	NA	NA	NA	NA	NA	NA	NA	NA	NA	NA	NA	NA	NA	NA	NA	NA	NA	NA	NA	NA	NA	NA	NA
2023-09-03	ICE_36	PS138_129_Coring-013	Ice_Station06	under-ice water	hand_pump	88.495784	112.037526	NA	UIW	NA	NA	UIW	PS138-129-1-ICE-UIW-16S	16S	25	102219	PS138-129-1-ICE-UIW-16S_clip	L95YW	PS138-129-1-ICE-UIW-16S_clip_R1_001.fastq.gz	PS138-129-1-ICE-UIW-16S_clip_R2_001.fastq.gz	235	1.5 m below ice	PS138_Lena_23	NA	NA	NA	NA	NA	NA	NA	NA	NA	NA	0.552	0.009	-0.01	0	4.526	0.003	0.334	0.004	0.249	0.004	5.815	0.037	0.385	0.002														
2023-09-03	ICE_40	PS138_129_Coring-001-009	Ice_Station06	ice core	ice_corer	88.495784	112.037526	NA	Ice-TS	NA	NA	Ice-TS	PS138-129-1-ICE-Ice-TS-16S	16S	25	30209	PS138-129-1-ICE-Ice-TS-16S_clip	L95YW	PS138-129-1-ICE-Ice-TS-16S_clip_R1_001.fastq.gz	PS138-129-1-ICE-Ice-TS-16S_clip_R2_001.fastq.gz	237	top section	PS138_Lena_25	NA	NA	NA	NA	NA	NA	NA	NA	NA	NA	0.729	0	0.002	0	0.325	0.003	0.051	0.003	1.153	0.002	3.819	0.025	0.054	0.003														
2023-09-03	CTD_418	PS138_222-1	Ice_Station09	seawater	CTD	85.436757	59.985549	200	200	AW2	NA	AW2	PS138-218-1-CTD-200-16S	16S	25	223991	PS138-218-1-CTD-200-16S_clip	L95YW	PS138-218-1-CTD-200-16S_clip_R1_001.fastq.gz	PS138-218-1-CTD-200-16S_clip_R2_001.fastq.gz	211	3	PS138_222-1-N3	1.5829	34.851	1.5932	202.393	200.128	294.05	295.25	-0.0543	306.5	298.003	12.308	0.021	0.004	0.001	5.035	0.003	0.821	0.001	-0.012	0.007	14.976	0.081	0.826	0.003	12.008	0.02	0.004	0.001	4.912	0.003	0.801	0.001	-0.012	0.007	14.611	0.079	0.806	0.003
2023-09-03	ICE_38	PS138_129_Coring-001-009	Ice_Station06	ice core	ice_corer	88.495784	112.037526	NA	Ice-BS	NA	NA	Ice-BS	PS138-129-1-ICE-Ice-BS-16S	16S	25	111035	PS138-129-1-ICE-Ice-BS-16S_clip	L95YW	PS138-129-1-ICE-Ice-BS-16S_clip_R1_001.fastq.gz	PS138-129-1-ICE-Ice-BS-16S_clip_R2_001.fastq.gz	236	bottom section	PS138_Lena_24	NA	NA	NA	NA	NA	NA	NA	NA	NA	NA	0.623	0.002	0.009	0.001	0.72	0.001	0.102	0.001	1.574	0.008	5.182	0.022	0.13	0.001														
2023-09-03	CTD_420	PS138_222-1	Ice_Station09	seawater	CTD	85.436757	59.985549	100	100	LHC	NA	LHC	PS138-218-1-CTD-100-16S	16S	25	185871	PS138-218-1-CTD-100-16S_clip	L95YW	PS138-218-1-CTD-100-16S_clip_R1_001.fastq.gz	PS138-218-1-CTD-100-16S_clip_R2_001.fastq.gz	212	8	PS138_222-1-N8	-1.0229	34.363	-1.0202	101.275	100.166	324.77	329.67	0.0013	331.1	322.009	8.686	0.004	0.012	0	3.121	0.003	0.63	0.001	-0.016	0	11.79	0.006	0.651	0.004	8.478	0.004	0.012	0	3.046	0.003	0.615	0.001	-0.016	0	11.507	0.006	0.635	0.004
2023-09-03	CTD_416	PS138_218-1	Ice_Station09	seawater	CTD	85.432729	60.070401	500	500	AW2	NA	AW2	PS138-218-1-CTD-500-16S	16S	25	228235	PS138-218-1-CTD-500-16S_clip	L95YW	PS138-218-1-CTD-500-16S_clip_R1_001.fastq.gz	PS138-218-1-CTD-500-16S_clip_R2_001.fastq.gz	210	19	PS138_218-1-N19	1.0158	34.904	1.0404	506.405	500.371	295.04	295.76	-0.056	NA	NA	NA	NA	NA	NA	NA	NA	NA	NA	NA	NA	NA	NA	NA	NA	NA	NA	NA	NA	NA	NA	NA	NA	NA	NA	NA	NA	NA	NA
2023-09-03	CTD_167_2	PS138_151-1	Ice_Station06	bottom	OFOBS	88.495784	112.037526		bottom	NA	NA	bottom	PS138-151-1-OFOBS--16S	16S	25	92347	PS138-151-1-OFOBS-16S_clip	L95YW	PS138-151-1-OFOBS-16S_clip_R1_001.fastq.gz	PS138-151-1-OFOBS-16S_clip_R2_001.fastq.gz	254	NA	NA	NA	NA	NA	NA	NA	NA	NA	NA	NA	NA	NA	NA	NA	NA	NA	NA	NA	NA	NA	NA	NA	NA	NA	NA	NA	NA	NA	NA	NA	NA	NA	NA	NA	NA	NA	NA	NA	NA
2023-08-28	ICE_30	PS138_101_Coring-013	Ice_Station05	under-ice water	hand_pump	85.045276	130.350341	NA	UIW	NA	NA	UIW	PS138-101-1-ICE-UIW-16S	16S	25	50730	PS138-101-1-ICE-UIW-16S_clip	L95YW	PS138-101-1-ICE-UIW-16S_clip_R1_001.fastq.gz	PS138-101-1-ICE-UIW-16S_clip_R2_001.fastq.gz	232	1.5 m below ice	PS138_Lena_19	NA	NA	NA	NA	NA	NA	NA	NA	NA	NA	0.555	0.002	0.004	0.003	1.597	0	0.141	0.003	0.926	0.008	6.525	0.003	0.221	0.004														
2023-08-28	ICE_34	PS138_101_Coring-001-009	Ice_Station05	ice core	ice_corer	85.045276	130.350341	NA	Ice-TS	NA	NA	Ice-TS	PS138-101-1-ICE-Ice-TS-16S	16S	25	90635	PS138-101-1-ICE-Ice-TS-16S_clip	L95YW	PS138-101-1-ICE-Ice-TS-16S_clip_R1_001.fastq.gz	PS138-101-1-ICE-Ice-TS-16S_clip_R2_001.fastq.gz	234	top section	PS138_Lena_22	NA	NA	NA	NA	NA	NA	NA	NA	NA	NA	0.648	0.001	0.012	0.001	0.321	0.001	0.036	0.001	0.978	0	4.535	0.02	0.035	0														
2023-08-28	ISCA_110	PS138_101_Coring-014	Ice_Station05	meltpond	hand_pump	85.045276	130.350341	NA	MP	NA	NA	MP	PS138-101-1-meltpond-10-16S	16S	25	68810	PS138-101-1-meltpond-10-16S_clip	L95YW	PS138-101-1-meltpond-10-16S_clip_R1_001.fastq.gz	PS138-101-1-meltpond-10-16S_clip_R2_001.fastq.gz	253	ISCA ID 10	PS138_Lena_20	NA	NA	NA	NA	NA	NA	NA	NA	NA	NA	1.438	0.002	0.02	0	0.357	0.001	0.028	0.003	0.54	0.001	5.957	0.008	0.013	0.004														
2023-08-28	ICE_32	PS138_101_Coring-001-009	Ice_Station05	ice core	ice_corer	85.045276	130.350341	NA	Ice-BS	NA	NA	Ice-BS	PS138-101-1-ICE-Ice-BS-16S	16S	25	124287	PS138-101-1-ICE-Ice-BS-16S_clip	L95YW	PS138-101-1-ICE-Ice-BS-16S_clip_R1_001.fastq.gz	PS138-101-1-ICE-Ice-BS-16S_clip_R2_001.fastq.gz	233	bottom section	PS138_Lena_21	NA	NA	NA	NA	NA	NA	NA	NA	NA	NA	0.723	0.002	0.022	0.002	0.348	0.001	0.052	0.003	1.159	0.006	5.086	0.004	0.061	0.002														
2023-08-28	CTD_412	PS138_218-1	Ice_Station09	seawater	CTD	85.432729	60.070401	1500	1500	CBDW	EBDW	CBDW	PS138-218-1-CTD-1500-16S	16S	25	109366	PS138-218-1-CTD-1500-16S_clip	L95YW	PS138-218-1-CTD-1500-16S_clip_R1_001.fastq.gz	PS138-218-1-CTD-1500-16S_clip_R2_001.fastq.gz	208	11	PS138_218-1-N11	-0.64334	34.914	-0.57625	1521.499	1499.737	290.48	292.24	-0.0543	307.2	298.644	14.953	0.037	0.032	0.005	10.374	0.008	0.989	0.002	-0.04	0.004	16.854	0.025	0.992	0.003	14.588	0.036	0.031	0.005	10.121	0.008	0.965	0.002	-0.039	0.004	16.443	0.024	0.968	0.003
2023-08-28	CTD_414	PS138_218-1	Ice_Station09	seawater	CTD	85.432729	60.070401	1000	1000	AIW	NA	AIW	PS138-218-1-CTD-1000-16S	16S	25	282493	PS138-218-1-CTD-1000-16S_clip	L95YW	PS138-218-1-CTD-1000-16S_clip_R1_001.fastq.gz	PS138-218-1-CTD-1000-16S_clip_R2_001.fastq.gz	209	14	PS138_218-1-N14	-0.20107	34.907	-0.15745	1013.298	1000.011	295.23	296.17	-0.0549	NA	NA	NA	NA	NA	NA	NA	NA	NA	NA	NA	NA	NA	NA	NA	NA	NA	NA	NA	NA	NA	NA	NA	NA	NA	NA	NA	NA	NA	NA
2023-08-28	CTD_410	PS138_218-1	Ice_Station09	seawater	CTD	85.432729	60.070401	2000	2000	EBDW	NA	EBDW	PS138-218-1-CTD-2000-16S	16S	25	109490	PS138-218-1-CTD-2000-16S_clip	L95YW	PS138-218-1-CTD-2000-16S_clip_R1_001.fastq.gz	PS138-218-1-CTD-2000-16S_clip_R2_001.fastq.gz	207	8	PS138_218-1-N8	-0.81053	34.92	-0.71405	2031.701	2000.238	287.78	289.87	-0.0549	NA	NA	NA	NA	NA	NA	NA	NA	NA	NA	NA	NA	NA	NA	NA	NA	NA	NA	NA	NA	NA	NA	NA	NA	NA	NA	NA	NA	NA	NA
2023-08-27	CTD_138	PS138_115-1	Ice_Station05	seawater	CTD	85.032392	129.47622	4261	bottom+5	EBBW	NA	EBBW	PS138-115-1-CTD-4261-16S	16S	25	65920	PS138-115-1-CTD-4261-16S_clip	LMN22	PS138-115-1-CTD-4261-16S_clip_R1_001.fastq.gz	PS138-115-1-CTD-4261-16S_clip_R2_001.fastq.gz	69	1	PS138_115-1-N1	-0.92326	34.942	-0.6264	4381.715	4290.664	287.14	290.75	-0.0543	304.3	295.81	15.401	0.022	-0.01	0	11.963	0.012	1.022	0.003	-0.011	0.003	16.856	0.026	0.944	0.004	15.025	0.021	-0.01	0	11.671	0.012	0.997	0.003	-0.011	0.003	16.444	0.025	0.921	0.004
2023-08-27	CTD_134	PS138_115-1	Ice_Station05	seawater	CTD	85.032392	129.47622	1000	1000	AIW	NA	AIW	PS138-115-1-CTD-1000-16S	16S	25	152493	PS138-115-1-CTD-1000-16S_clip	LMN22	PS138-115-1-CTD-1000-16S_clip_R1_001.fastq.gz	PS138-115-1-CTD-1000-16S_clip_R2_001.fastq.gz	67	14	PS138_115-1-N14	-0.2364	34.874	-0.1931	1014.263	1000.966	297.98	298	-0.0549	NA	NA	NA	NA	NA	NA	NA	NA	NA	NA	NA	NA	NA	NA	NA	NA	NA	NA	NA	NA	NA	NA	NA	NA	NA	NA	NA	NA	NA	NA
2023-08-27	CTD_136	PS138_115-1	Ice_Station05	seawater	CTD	85.032392	129.47622	500	500	AW2	NA	AW2	PS138-115-1-CTD-500-16S	16S	25	138158	PS138-115-1-CTD-500-16S_clip	LMN22	PS138-115-1-CTD-500-16S_clip_R1_001.fastq.gz	PS138-115-1-CTD-500-16S_clip_R2_001.fastq.gz	68	19	PS138_115-1-N19	0.63056	34.86	0.6535	506.301	500.272	298.98	298.52	-0.0554	NA	NA	NA	NA	NA	NA	NA	NA	NA	NA	NA	NA	NA	NA	NA	NA	NA	NA	NA	NA	NA	NA	NA	NA	NA	NA	NA	NA	NA	NA
2023-08-27	CTD_132	PS138_115-1	Ice_Station05	seawater	CTD	85.032392	129.47622	1500	1500	CBDW	EBDW	CBDW	PS138-115-1-CTD-1500-16S	16S	25	167118	PS138-115-1-CTD-1500-16S_clip	LMN22	PS138-115-1-CTD-1500-16S_clip_R1_001.fastq.gz	PS138-115-1-CTD-1500-16S_clip_R2_001.fastq.gz	66	10	PS138_115-1-N10	-0.54328	34.913	-0.4749	1521.681	1499.925	291.68	291.18	-0.0549	NA	NA	NA	NA	NA	NA	NA	NA	NA	NA	NA	NA	NA	NA	NA	NA	NA	NA	NA	NA	NA	NA	NA	NA	NA	NA	NA	NA	NA	NA
2023-08-27	CTD_126	PS138_115-1	Ice_Station05	seawater	CTD	85.032392	129.47622	4275	bottom+20	EBBW	NA	EBBW	PS138-115-1-CTD-4275-16S	16S	25	79936	PS138-115-1-CTD-4275-16S_clip	LMN22	PS138-115-1-CTD-4275-16S_clip_R1_001.fastq.gz	PS138-115-1-CTD-4275-16S_clip_R2_001.fastq.gz	63	4	PS138_115-1-N4	-0.92314	34.942	-0.628	4365.352	4274.799	286.91	290.59	-0.0549	NA	NA	NA	NA	NA	NA	NA	NA	NA	NA	NA	NA	NA	NA	NA	NA	NA	NA	NA	NA	NA	NA	NA	NA	NA	NA	NA	NA	NA	NA
2023-08-27	CTD_128	PS138_115-1	Ice_Station05	seawater	CTD	85.032392	129.47622	3000	3000	EBBW	NA	EBBW	PS138-115-1-CTD-3000-16S	16S	25	126813	PS138-115-1-CTD-3000-16S_clip	LMN22	PS138-115-1-CTD-3000-16S_clip_R1_001.fastq.gz	PS138-115-1-CTD-3000-16S_clip_R2_001.fastq.gz	64	6	PS138_115-1-N6	-0.90969	34.932	-0.73775	3061.353	3006.766	285.45	286.11	-0.0549	NA	NA	NA	NA	NA	NA	NA	NA	NA	NA	NA	NA	NA	NA	NA	NA	NA	NA	NA	NA	NA	NA	NA	NA	NA	NA	NA	NA	NA	NA
2023-08-27	CTD_130	PS138_115-1	Ice_Station05	seawater	CTD	85.032392	129.47622	2000	2000	EBDW	NA	EBDW	PS138-115-1-CTD-2000-16S	16S	25	40718	PS138-115-1-CTD-2000-16S_clip	LMN22	PS138-115-1-CTD-2000-16S_clip_R1_001.fastq.gz	PS138-115-1-CTD-2000-16S_clip_R2_001.fastq.gz	65	8	PS138_115-1-N8	-0.75899	34.919	-0.6616	2032.373	2000.91	287.98	287.87	-0.0543	NA	NA	NA	NA	NA	NA	NA	NA	NA	NA	NA	NA	NA	NA	NA	NA	NA	NA	NA	NA	NA	NA	NA	NA	NA	NA	NA	NA	NA	NA
2023-08-26	CTD_114	PS138_113-1	Ice_Station05	seawater	CTD	85.038758	129.67674	200	200	AW1	NA	AW1	PS138-113-1-CTD-200-16S	16S	25	120747	PS138-113-1-CTD-200-16S_clip	LMN22	PS138-113-1-CTD-200-16S_clip_R1_001.fastq.gz	PS138-113-1-CTD-200-16S_clip_R2_001.fastq.gz	57	3	PS138_113-1-N3	1.2094	34.814	1.2189	202.291	200.029	299.4	301.28	-0.0543	309.3	300.729	11.785	0.003	-0.008	0.001	4.937	0.001	0.792	0.004	-0.014	0	14.392	0.029	0.758	0.003	11.498	0.003	-0.008	0.001	4.817	0.001	0.773	0.004	-0.014	0	14.042	0.028	0.74	0.003
2023-08-26	CTD_116	PS138_113-1	Ice_Station05	seawater	CTD	85.038758	129.67674	100	100	LHC	NA	LHC	PS138-113-1-CTD-100-16S	16S	25	69302	PS138-113-1-CTD-100-16S_clip	LMN22	PS138-113-1-CTD-100-16S_clip_R1_001.fastq.gz	PS138-113-1-CTD-100-16S_clip_R2_001.fastq.gz	58	8	PS138_113-1-N8	-0.42055	34.453	-0.41735	101.606	100.494	311.09	313.67	-0.0423	317.8	309.063	9.1	0.015	-0.001	0	3.743	0.002	0.665	0.001	-0.008	0	12.058	0	0.642	0.003	8.881	0.015	-0.001	0	3.653	0.002	0.649	0.001	-0.008	0	11.768	0	0.627	0.003
2023-08-26	CTD_122	PS138_113-1	Ice_Station05	seawater	CTD	85.038758	129.67674	10	10	ML	PSW	ML	PS138-113-1-CTD-10-16S	16S	25	130199	PS138-113-1-CTD-10-16S_clip	LMN22	PS138-113-1-CTD-10-16S_clip_R1_001.fastq.gz	PS138-113-1-CTD-10-16S_clip_R2_001.fastq.gz	61	21	PS138_113-1-N21	-1.6522	33.003	-1.652	10.034	9.927	386.73	390.35	0.9475	395.2	384.76	0.231	0.001	0.009	0	1.586	0.001	0.163	0.001	0.077	0.001	5.165	0.059	0.24	0.003	0.226	0.001	0.009	0	1.55	0.001	0.159	0.001	0.075	0.001	5.046	0.058	0.234	0.003
2023-08-26	CTD_118	PS138_113-1	Ice_Station05	seawater	CTD	85.038758	129.67674	50	50	UHC	NA	UHC	PS138-113-1-CTD-50-16S	16S	25	32772	PS138-113-1-CTD-50-16S_clip	LMN22	PS138-113-1-CTD-50-16S_clip_R1_001.fastq.gz	PS138-113-1-CTD-50-16S_clip_R2_001.fastq.gz	59	12	PS138_113-1-N12	-1.6198	33.903	-1.6188	50.751	50.202	340.69	351.85	0.0306	351.4	341.857	4.678	0.006	0.011	0	3.213	0.003	0.43	0	-0.012	0.002	8.563	0.006	0.447	0.002	4.567	0.006	0.011	0	3.137	0.003	0.42	0	-0.012	0.002	8.36	0.006	0.436	0.002
2023-08-26	CTD_120	PS138_113-1	Ice_Station05	seawater	CTD	85.038758	129.67674	25	25	PSW	NA	PSW	PS138-113-1-CTD-25-16S	16S	25	24963	PS138-113-1-CTD-25-16S_clip	LMN22	PS138-113-1-CTD-25-16S_clip_R1_001.fastq.gz	PS138-113-1-CTD-25-16S_clip_R2_001.fastq.gz	60	19	PS138_113-1-N19	-1.6398	33.156	-1.6395	22.831	22.586	385.67	389.16	0.8754	NA	NA	NA	NA	NA	NA	NA	NA	NA	NA	NA	NA	NA	NA	NA	NA	NA	NA	NA	NA	NA	NA	NA	NA	NA	NA	NA	NA	NA	NA
2023-08-25	CTD_90	PS138_88-1	Ice_Station04	seawater	CTD	83.00832	129.85822	200	200	AW1	NA	AW1	PS138-85-1-CTD-200-16S	16S	25	50838	PS138-85-1-CTD-200-16S_clip	LMN22	PS138-85-1-CTD-200-16S_clip_R1_001.fastq.gz	PS138-85-1-CTD-200-16S_clip_R2_001.fastq.gz	45	3	PS138_88-1-N3	1.2353	34.822	1.2449	202.4	200.144	298.54	299.61	-0.0549	306.2	297.718	12.02	0.011	-0.017	0	4.967	0.002	0.81	0.003	-0.017	0	14.918	0.022	0.724	0.001	11.728	0.011	-0.017	0	4.846	0.002	0.79	0.003	-0.017	0	14.555	0.021	0.706	0.001
2023-08-25	CTD_92	PS138_88-1	Ice_Station04	seawater	CTD	83.00832	129.85822	100	100	LHC	NA	LHC	PS138-85-1-CTD-100-16S	16S	25	76898	PS138-85-1-CTD-100-16S_clip	LMN22	PS138-85-1-CTD-100-16S_clip_R1_001.fastq.gz	PS138-85-1-CTD-100-16S_clip_R2_001.fastq.gz	46	8	PS138_88-1-N8	-0.39367	34.484	-0.39045	101.256	100.152	314.66	316.29	-0.0348	318.7	309.932	9.277	0.006	-0.012	0.002	3.593	0.001	0.673	0.001	-0.023	0.002	12.526	0.015	0.61	0	9.054	0.006	-0.012	0.002	3.506	0.001	0.657	0.001	-0.022	0.002	12.224	0.015	0.595	0
2023-08-25	CTD_100	PS138_88-1	Ice_Station04	seawater	CTD	83.00832	129.85822	2	2	ML	PSW	ML	PS138-85-1-CTD-2-16S	16S	25	233683	PS138-85-1-CTD-2-16S_clip	LMN22	PS138-85-1-CTD-2-16S_clip_R1_001.fastq.gz	PS138-85-1-CTD-2-16S_clip_R2_001.fastq.gz	50	24	PS138_88-1-N24	-1.4649	32.579	-1.4649	2.051	2.029	377.21	380.04	0.8438	385.1	375.059	0.265	0.013	-0.002	0.002	2.178	0.011	0.159	0.01	0.064	0.001	5.35	0.029	0.225	0.006	0.259	0.013	-0.002	0.002	2.129	0.011	0.155	0.01	0.063	0.001	5.229	0.028	0.22	0.006
2023-08-25	CTD_94	PS138_88-1	Ice_Station04	seawater	CTD	83.00832	129.85822	50	50	LHC	NA	LHC	PS138-85-1-CTD-50-16S	16S	25	108228	PS138-85-1-CTD-50-16S_clip	LMN22	PS138-85-1-CTD-50-16S_clip_R1_001.fastq.gz	PS138-85-1-CTD-50-16S_clip_R2_001.fastq.gz	47	12	PS138_88-1-N12	-1.5754	34.033	-1.5744	50.639	50.093	337.39	338.55	0.4518	376.7	366.447	5.576	0.009	0.003	0.001	2.953	0.007	0.475	0	-0.022	0.001	9.54	0.063	0.447	0.002	5.444	0.009	0.003	0.001	2.883	0.007	0.464	0	-0.021	0.001	9.313	0.062	0.436	0.002
2023-08-25	CTD_98	PS138_88-1	Ice_Station04	seawater	CTD	83.00832	129.85822	10	10	ML	PSW	ML	PS138-85-1-CTD-10-16S	16S	25	61854	PS138-85-1-CTD-10-16S_clip	LMN22	PS138-85-1-CTD-10-16S_clip_R1_001.fastq.gz	PS138-85-1-CTD-10-16S_clip_R2_001.fastq.gz	49	21	PS138_88-1-N21	-1.4662	32.597	-1.4661	10.041	9.934	377.94	380.65	0.8427	385.4	375.348	0.579	0.006	0.023	0	2.38	0.006	0.177	0.001	0.054	0	5.625	0.096	0.23	0.003	0.566	0.006	0.022	0	2.326	0.006	0.173	0.001	0.053	0	5.497	0.094	0.225	0.003
2023-08-25	CTD_110	PS138_90-1	Ice_Station04	seawater	CTD	83.046166	130.04118	1000	1000	AIW	NA	AIW	PS138-90-1-CTD-1000-16S	16S	25	105779	PS138-90-1-CTD-1000-16S_clip	LMN22	PS138-90-1-CTD-1000-16S_clip_R1_001.fastq.gz	PS138-90-1-CTD-1000-16S_clip_R2_001.fastq.gz	55	14	PS138_90-1-N14	-0.13635	34.897	-0.09215	1014.081	1000.826	297.18	297.93	-0.0543	NA	NA	NA	NA	NA	NA	NA	NA	NA	NA	NA	NA	NA	NA	NA	NA	NA	NA	NA	NA	NA	NA	NA	NA	NA	NA	NA	NA	NA	NA
2023-08-25	CTD_112	PS138_90-1	Ice_Station04	seawater	CTD	83.046166	130.04118	500	500	AW2	NA	AW2	PS138-90-1-CTD-500-16S	16S	25	35400	PS138-90-1-CTD-500-16S_clip	LMN22	PS138-90-1-CTD-500-16S_clip_R1_001.fastq.gz	PS138-90-1-CTD-500-16S_clip_R2_001.fastq.gz	56	19	PS138_90-1-N19	0.5417	34.857	0.56425	506.175	500.166	299.57	300.75	-0.0549	NA	NA	NA	NA	NA	NA	NA	NA	NA	NA	NA	NA	NA	NA	NA	NA	NA	NA	NA	NA	NA	NA	NA	NA	NA	NA	NA	NA	NA	NA
2023-08-25	CTD_108	PS138_90-1	Ice_Station04	seawater	CTD	83.046166	130.04118	1500	1500	CBDW	EBDW	CBDW	PS138-90-1-CTD-1500-16S	16S	25	123152	PS138-90-1-CTD-1500-16S_clip	LMN22	PS138-90-1-CTD-1500-16S_clip_R1_001.fastq.gz	PS138-90-1-CTD-1500-16S_clip_R2_001.fastq.gz	54	10	PS138_90-1-N10	-0.60036	34.915	-0.5327	1521.873	1500.17	292.05	292.12	-0.0543	NA	NA	NA	NA	NA	NA	NA	NA	NA	NA	NA	NA	NA	NA	NA	NA	NA	NA	NA	NA	NA	NA	NA	NA	NA	NA	NA	NA	NA	NA
2023-08-25	CTD_102	PS138_90-1	Ice_Station04	seawater	CTD	83.046166	130.04118	4143	bottom+20	EBBW	NA	EBBW	PS138-90-1-CTD-4143-16S	16S	25	246519	PS138-90-1-CTD-4143-16S_clip	LMN22	PS138-90-1-CTD-4143-16S_clip_R1_001.fastq.gz	PS138-90-1-CTD-4143-16S_clip_R2_001.fastq.gz	51	4	PS138_90-1-N4	-0.92298	34.942	-0.64205	4228.882	4142.592	287.48	291.5	-0.0543	NA	NA	NA	NA	NA	NA	NA	NA	NA	NA	NA	NA	NA	NA	NA	NA	NA	NA	NA	NA	NA	NA	NA	NA	NA	NA	NA	NA	NA	NA
2023-08-25	CTD_104	PS138_90-1	Ice_Station04	seawater	CTD	83.046166	130.04118	3000	3000	EBBW	NA	EBBW	PS138-90-1-CTD-3000-16S	16S	25	49061	PS138-90-1-CTD-3000-16S_clip	LMN22	PS138-90-1-CTD-3000-16S_clip_R1_001.fastq.gz	PS138-90-1-CTD-3000-16S_clip_R2_001.fastq.gz	52	6	PS138_90-1-N6	-0.91539	34.933	-0.74405	3055.805	3001.468	285.66	287.39	-0.0549	NA	NA	NA	NA	NA	NA	NA	NA	NA	NA	NA	NA	NA	NA	NA	NA	NA	NA	NA	NA	NA	NA	NA	NA	NA	NA	NA	NA	NA	NA
2023-08-25	CTD_106	PS138_90-1	Ice_Station04	seawater	CTD	83.046166	130.04118	2000	2000	EBDW	NA	EBDW	PS138-90-1-CTD-2000-16S	16S	25	47905	PS138-90-1-CTD-2000-16S_clip	LMN22	PS138-90-1-CTD-2000-16S_clip_R1_001.fastq.gz	PS138-90-1-CTD-2000-16S_clip_R2_001.fastq.gz	53	8	PS138_90-1-N8	-0.79132	34.919	-0.69455	2031.297	1999.931	288.19	288.86	-0.0549	NA	NA	NA	NA	NA	NA	NA	NA	NA	NA	NA	NA	NA	NA	NA	NA	NA	NA	NA	NA	NA	NA	NA	NA	NA	NA	NA	NA	NA	NA
2023-08-25	CTD_96	PS138_88-1	Ice_Station04	seawater	CTD	83.00832	129.85822	25	chl-max	PSW	NA	PSW	PS138-85-1-CTD-25-16S	16S	25	60810	PS138-85-1-CTD-25-16S_clip	LMN22	PS138-85-1-CTD-25-16S_clip_R1_001.fastq.gz	PS138-85-1-CTD-25-16S_clip_R2_001.fastq.gz	48	19	PS138_88-1-N19	-1.476	33.032	-1.4756	23.696	23.442	378.26	380.9	1.3877	NA	NA	NA	NA	NA	NA	NA	NA	NA	NA	NA	NA	NA	NA	NA	NA	NA	NA	NA	NA	NA	NA	NA	NA	NA	NA	NA	NA	NA	NA
2023-08-24	ICE_24	PS138_75_Coring-013	Ice_Station04	under-ice water	hand_pump	82.90224	129.993325	NA	UIW	NA	NA	UIW	PS138-75-1-ICE-UIW-16S	16S	25	108199	PS138-75-1-ICE-UIW-16S_clip	L95YW	PS138-75-1-ICE-UIW-16S_clip_R1_001.fastq.gz	PS138-75-1-ICE-UIW-16S_clip_R2_001.fastq.gz	229	1.5 m below ice	PS138_Lena_15_0DegC	NA	NA	NA	NA	NA	NA	NA	NA	NA	NA	0.361	0.004	-0.011	0.003	1.837	0.003	0.138	0.001	0.689	0.007	6.694	0.011	0.197	0														
2023-08-24	ICE_28	PS138_75_Coring-001-009	Ice_Station04	ice core	ice_corer	82.90224	129.993325	NA	Ice-TS	NA	NA	Ice-TS	PS138-75-1-ICE-Ice-TS-16S	16S	25	92410	PS138-75-1-ICE-Ice-TS-16S_clip	L95YW	PS138-75-1-ICE-Ice-TS-16S_clip_R1_001.fastq.gz	PS138-75-1-ICE-Ice-TS-16S_clip_R2_001.fastq.gz	231	top section	PS138_Lena_18_Ice_Core	NA	NA	NA	NA	NA	NA	NA	NA	NA	NA	0.785	0	0.008	0	0.514	0	0.018	0	1.115	0	3.729	0	-0.012	0														
2023-08-24	ICE_26	PS138_75_Coring-001-009	Ice_Station04	ice core	ice_corer	82.90224	129.993325	NA	Ice-BS	NA	NA	Ice-BS	PS138-75-1-ICE-Ice-BS-16S	16S	25	59055	PS138-75-1-ICE-Ice-BS-16S_clip	L95YW	PS138-75-1-ICE-Ice-BS-16S_clip_R1_001.fastq.gz	PS138-75-1-ICE-Ice-BS-16S_clip_R2_001.fastq.gz	230	bottom section	PS138_Lena_17_Ice_Core	NA	NA	NA	NA	NA	NA	NA	NA	NA	NA	0.783	0.003	0.021	0.002	0.916	0.001	0.037	0	1.273	0.004	5.193	0.007	0.019	0.002														
2023-08-24	ISCA_76	PS138_75_Coring-014	Ice_Station04	meltpond	hand_pump	82.90224	129.993325	NA	MP	NA	NA	MP	PS138-75-1-meltpond-8-16S	16S	25	75487	PS138-75-1-meltpond-8-16S_clip	L95YW	PS138-75-1-meltpond-8-16S_clip_R1_001.fastq.gz	PS138-75-1-meltpond-8-16S_clip_R2_001.fastq.gz	252	ISCA ID 8	PS138_Lena_16_0DegC	NA	NA	NA	NA	NA	NA	NA	NA	NA	NA	2.536	0.002	0.025	0.001	0.238	0.001	0.029	0.002	1.626	0.008	6.845	0.008	0.009	0.004														
2023-08-24	CTD_404	PS138_218-1	Ice_Station09	seawater	CTD	85.432729	60.070401	3872	bottom+5	EBBW	NA	EBBW	PS138-218-1-CTD-2872-16S	16S	25	86388	PS138-218-1-CTD-2872-16S_clip	L95YW	PS138-218-1-CTD-2872-16S_clip_R1_001.fastq.gz	PS138-218-1-CTD-2872-16S_clip_R2_001.fastq.gz	204	1	PS138_218-1-N1	-0.91381	34.941	-0.66075	3949.975	3871.648	284.31	289.85	-0.0543	304.6	296.102	15.16		0.033	0	12.063	0	1.018	0	-0.036	0	16.999	0	1.009	0	14.79		0.032	0	11.769	0	0.993	0	-0.035	0	16.584	0	0.984	0
2023-08-24	CTD_406	PS138_218-1	Ice_Station09	seawater	CTD	85.432729	60.070401	3856	bottom+20	EBBW	NA	EBBW	PS138-218-1-CTD-3856-16S	16S	25	102978	PS138-218-1-CTD-3856-16S_clip	L95YW	PS138-218-1-CTD-3856-16S_clip_R1_001.fastq.gz	PS138-218-1-CTD-3856-16S_clip_R2_001.fastq.gz	205	4	PS138_218-1-N4	-0.91385	34.94	-0.66235	3934.163	3856.288	286.23	289.77	-0.056	NA	NA	NA	NA	NA	NA	NA	NA	NA	NA	NA	NA	NA	NA	NA	NA	NA	NA	NA	NA	NA	NA	NA	NA	NA	NA	NA	NA	NA	NA
2023-08-24	CTD_408	PS138_218-1	Ice_Station09	seawater	CTD	85.432729	60.070401	3000	3000	EBBW	NA	EBBW	PS138-218-1-CTD-3000-16S	16S	25	98053	PS138-218-1-CTD-3000-16S_clip	L95YW	PS138-218-1-CTD-3000-16S_clip_R1_001.fastq.gz	PS138-218-1-CTD-3000-16S_clip_R2_001.fastq.gz	206	6	PS138_218-1-N6	-0.92059	34.934	-0.74955	3053.664	2999.248	285.27	288.59	-0.056	NA	NA	NA	NA	NA	NA	NA	NA	NA	NA	NA	NA	NA	NA	NA	NA	NA	NA	NA	NA	NA	NA	NA	NA	NA	NA	NA	NA	NA	NA
2023-08-21	CTD_64	PS138_66-1	Ice_Station03	seawater	CTD	84.687412	107.59374	200	200	AW2	NA	AW2	PS138-63-1-CTD-200-16S	16S	25	16680	PS138-63-1-CTD-200-16S_clip	LMN22	PS138-63-1-CTD-200-16S_clip_R1_001.fastq.gz	PS138-63-1-CTD-200-16S_clip_R2_001.fastq.gz	32	5	PS138_66-1-N5	1.2676	34.83	1.2748	151.967	150.286	296.98	298.78	-0.0543	305	296.547	12.307	0.004	-0.016	0	4.928	0.012	0.808	0	-0.011	0	15.241	0.154	0.766	0.003	12.008	0.004	-0.016	0	4.808	0.012	0.788	0	-0.011	0	14.87	0.15	0.747	0.003
2023-08-21	CTD_66	PS138_66-1	Ice_Station03	seawater	CTD	84.687412	107.59374	100	100	AW1	NA	AW1	PS138-63-1-CTD-100-16S	16S	25	232891	PS138-63-1-CTD-100-16S_clip	LMN22	PS138-63-1-CTD-100-16S_clip_R1_001.fastq.gz	PS138-63-1-CTD-100-16S_clip_R2_001.fastq.gz	33	8	PS138_66-1-N8	0.53955	34.662	0.54365	101.547	100.437	301.22	302.5	-0.0291	307.6	299.108	11.269	0.006	-0.013	0	4.495	0.001	0.759	0	-0.015	0.001	14.122	0	0.724	0.003	10.996	0.006	-0.013	0	4.386	0.001	0.741	0	-0.015	0.001	13.78	0	0.706	0.003
2023-08-21	CTD_74	PS138_66-1	Ice_Station03	seawater	CTD	84.687412	107.59374	2	2	ML	PSW	ML	PS138-63-1-CTD-2-16S	16S	25	64213	PS138-63-1-CTD-2-16S_clip	LMN22	PS138-63-1-CTD-2-16S_clip_R1_001.fastq.gz	PS138-63-1-CTD-2-16S_clip_R2_001.fastq.gz	37	24	PS138_66-1-N24	-1.484	32.814	-1.484	2.653	2.625	380.4	383.71	1.2215	388.8	378.589	0.113	0.001	-0.011	0	2.154	0.001	0.136	0.002	0.01	0.002	5.289	0.05	0.238	0.004	0.11	0.001	-0.011	0	2.105	0.001	0.133	0.002	0.01	0.002	5.168	0.049	0.233	0.004
2023-08-21	CTD_72	PS138_66-1	Ice_Station03	seawater	CTD	84.687412	107.59374	10	10	ML	PSW	ML	PS138-63-1-CTD-10-16S	16S	25	13198	PS138-63-1-CTD-10-16S_clip	LMN22	PS138-63-1-CTD-10-16S_clip_R1_001.fastq.gz	PS138-63-1-CTD-10-16S_clip_R2_001.fastq.gz	36	21	PS138_66-1-N21	-1.5369	32.863	-1.5367	9.888	9.782	380.36	384.29	1.3769	388.2	377.99	0.189	0	-0.007	0	2.188	0.011	0.14	0.001	0.027	0.001	5.364	0.06	0.236	0.004	0.185	0	-0.007	0	2.138	0.011	0.137	0.001	0.026	0.001	5.241	0.059	0.231	0.004
2023-08-21	CTD_68	PS138_66-1	Ice_Station03	seawater	CTD	84.687412	107.59374	50	50	LHC	NA	LHC	PS138-63-1-CTD-50-16S	16S	25	175812	PS138-63-1-CTD-50-16S_clip	LMN22	PS138-63-1-CTD-50-16S_clip_R1_001.fastq.gz	PS138-63-1-CTD-50-16S_clip_R2_001.fastq.gz	34	12	PS138_66-1-N12	-1.069	34.304	-1.0677	50.582	50.035	320.94	322.76	0.0667	326.2	317.258	7.922	0.026	-0.006	0	3.19	0.004	0.582	0.001	-0.013	0.006	11.399	0.001	0.577	0.003	7.732	0.025	-0.006	0	3.114	0.004	0.568	0.001	-0.013	0.006	11.126	0.001	0.563	0.003
2023-08-21	CTD_70	PS138_66-1	Ice_Station03	seawater	CTD	84.687412	107.59374	25	chl-max	PSW	NA	PSW	PS138-63-1-CTD-25-16S	16S	25	105321	PS138-63-1-CTD-25-16S_clip	LMN22	PS138-63-1-CTD-25-16S_clip_R1_001.fastq.gz	PS138-63-1-CTD-25-16S_clip_R2_001.fastq.gz	35	16	PS138_66-1-N16	-1.5312	33.094	-1.5308	25.119	24.849	380.2	383.13	1.5838	367.8	358.056	1.466	0.012	0.025	0	2.551	0.003	0.228	0.002	0.05	0.001	6.544	0.051	0.308	0.004	1.432	0.012	0.024	0	2.492	0.003	0.223	0.002	0.049	0.001	6.393	0.05	0.301	0.004
2023-08-21	CTD_84	PS138_69-1	Ice_Station03	seawater	CTD	84.733067	107.72787	1000	1000	AIW	NA	AIW	PS138-69-1-CTD-1000-16S	16S	25	615576	PS138-69-1-CTD-1000-16S_clip	LMN22	PS138-69-1-CTD-1000-16S_clip_R1_001.fastq.gz	PS138-69-1-CTD-1000-16S_clip_R2_001.fastq.gz	42	14	PS138_69-1-N14	-0.074319	34.898	-0.0296	1013.687	1000.404	297.17	298.19	-0.0543	NA	NA	NA	NA	NA	NA	NA	NA	NA	NA	NA	NA	NA	NA	NA	NA	NA	NA	NA	NA	NA	NA	NA	NA	NA	NA	NA	NA	NA	NA
2023-08-21	CTD_86	PS138_69-1	Ice_Station03	seawater	CTD	84.733067	107.72787	500	500	AW2	NA	AW2	PS138-69-1-CTD-500-16S	16S	25	119644	PS138-69-1-CTD-500-16S_clip	LMN22	PS138-69-1-CTD-500-16S_clip_R1_001.fastq.gz	PS138-69-1-CTD-500-16S_clip_R2_001.fastq.gz	43	19	PS138_69-1-N19	0.65519	34.867	0.67825	506.411	500.382	299.27	300.24	-0.0549	NA	NA	NA	NA	NA	NA	NA	NA	NA	NA	NA	NA	NA	NA	NA	NA	NA	NA	NA	NA	NA	NA	NA	NA	NA	NA	NA	NA	NA	NA
2023-08-21	CTD_82	PS138_69-1	Ice_Station03	seawater	CTD	84.733067	107.72787	1500	1500	CBDW	EBDW	CBDW	PS138-69-1-CTD-1500-16S	16S	25	166248	PS138-69-1-CTD-1500-16S_clip	LMN22	PS138-69-1-CTD-1500-16S_clip_R1_001.fastq.gz	PS138-69-1-CTD-1500-16S_clip_R2_001.fastq.gz	41	10	PS138_69-1-N10	-0.57239	34.915	-0.50435	1522.205	1500.447	292.89	293.51	-0.0554	NA	NA	NA	NA	NA	NA	NA	NA	NA	NA	NA	NA	NA	NA	NA	NA	NA	NA	NA	NA	NA	NA	NA	NA	NA	NA	NA	NA	NA	NA
2023-08-21	CTD_76	PS138_69-1	Ice_Station03	seawater	CTD	84.733067	107.72787	3968	bottom+20	EBBW	NA	EBBW	PS138-69-1-CTD-3968-16S	16S	25	239596	PS138-69-1-CTD-3968-16S_clip	LMN22	PS138-69-1-CTD-3968-16S_clip_R1_001.fastq.gz	PS138-69-1-CTD-3968-16S_clip_R2_001.fastq.gz	38	4	PS138_69-1-N4	-0.92228	34.942	-0.6612	4033.248	3952.567	287.79	291.69	-0.0451	NA	NA	NA	NA	NA	NA	NA	NA	NA	NA	NA	NA	NA	NA	NA	NA	NA	NA	NA	NA	NA	NA	NA	NA	NA	NA	NA	NA	NA	NA
2023-08-21	CTD_78	PS138_69-1	Ice_Station03	seawater	CTD	84.733067	107.72787	3000	3000	EBBW	NA	EBBW	PS138-69-1-CTD-3000-16S	16S	25	71552	PS138-69-1-CTD-3000-16S_clip	LMN22	PS138-69-1-CTD-3000-16S_clip_R1_001.fastq.gz	PS138-69-1-CTD-3000-16S_clip_R2_001.fastq.gz	39	6	PS138_69-1-N6	-0.91498	34.933	-0.74375	3054.346	2999.947	286.79	288.33	-0.0554	NA	NA	NA	NA	NA	NA	NA	NA	NA	NA	NA	NA	NA	NA	NA	NA	NA	NA	NA	NA	NA	NA	NA	NA	NA	NA	NA	NA	NA	NA
2023-08-21	CTD_80	PS138_69-1	Ice_Station03	seawater	CTD	84.733067	107.72787	2000	2000	EBDW	NA	EBDW	PS138-69-1-CTD-2000-16S	16S	25	20145	PS138-69-1-CTD-2000-16S_clip	LMN22	PS138-69-1-CTD-2000-16S_clip_R1_001.fastq.gz	PS138-69-1-CTD-2000-16S_clip_R2_001.fastq.gz	40	8	PS138_69-1-N8	-0.77477	34.92	-0.6777	2031.578	2000.141	288.83	289.46	-0.0554	NA	NA	NA	NA	NA	NA	NA	NA	NA	NA	NA	NA	NA	NA	NA	NA	NA	NA	NA	NA	NA	NA	NA	NA	NA	NA	NA	NA	NA	NA
2023-08-19	ICE_18	PS138_52_Coring-001-009	Ice_Station03	under-ice water	hand_pump	84.761145	107.792109	NA	UIW	NA	NA	UIW	PS138-52-1-ICE-UIW-16S	16S	25	105612	PS138-52-1-ICE-UIW-16S_clip	L95YW	PS138-52-1-ICE-UIW-16S_clip_R1_001.fastq.gz	PS138-52-1-ICE-UIW-16S_clip_R2_001.fastq.gz	226	1.5 m below ice	PS138_Lena-12_UIW	NA	NA	NA	NA	NA	NA	NA	NA	NA	NA	0.582	0.002	-0.003	0.003	2.056	0.002	0.135	0.004	1.245	0.006	7.359	0.004	0.224	0.006														
2023-08-19	ICE_20	PS138_52_Coring-001-009	Ice_Station03	ice core	ice_corer	84.761145	107.792109	NA	Ice-BS	NA	NA	Ice-BS	PS138-52-1-ICE-Ice-BS-16S	16S	25	92529	PS138-52-1-ICE-Ice-BS-16S_clip	L95YW	PS138-52-1-ICE-Ice-BS-16S_clip_R1_001.fastq.gz	PS138-52-1-ICE-Ice-BS-16S_clip_R2_001.fastq.gz	227	bottom section	PS138_Lena-13_ICE	NA	NA	NA	NA	NA	NA	NA	NA	NA	NA	0.903	0.001	0.006	0	0.306	0.002	0.082	0.001	1.54	0.003	11.191	0.015	0.087	0														
2023-08-19	ICE_22	PS138_52_Coring-001-009	Ice_Station03	ice core	ice_corer	84.761145	107.792109	NA	Ice-TS	NA	NA	Ice-TS	PS138-52-1-ICE-Ice-TS-16S	16S	25	78622	PS138-52-1-ICE-Ice-TS-16S_clip	L95YW	PS138-52-1-ICE-Ice-TS-16S_clip_R1_001.fastq.gz	PS138-52-1-ICE-Ice-TS-16S_clip_R2_001.fastq.gz	228	top section	PS138_Lena-14_ICE	NA	NA	NA	NA	NA	NA	NA	NA	NA	NA	0.876	0	0.006	0	0.281	0	0.033	0	1.306	0	4.941	0	0.025	0														
2023-08-19	CTD_402	PS138_207-1	Transect_60E_12	seawater	CTD	85.657678	60.112303	10	10	ML	PSW	ML	PS138-207-1-CTD-10-16S	16S	25	107875	PS138-207-1-CTD-10-16S_clip	L95YW	PS138-207-1-CTD-10-16S_clip_R1_001.fastq.gz	PS138-207-1-CTD-10-16S_clip_R2_001.fastq.gz	203	24	PS138_207-1-N24	-1.7963	33.28	-1.7961	9.971	9.864	372.87	375.35	0.4512	384.3	374.066	2.073	0.001	0.031	0.001	1.147	0.008	0.244	0.001	0.163	0.001	5.962	0.019	0.297	0.001	2.025	0.001	0.03	0.001	1.12	0.008	0.238	0.001	0.159	0.001	5.824	0.019	0.29	0.001
2023-08-19	CTD_400	PS138_207-1	Transect_60E_12	seawater	CTD	85.657678	60.112303		chl-max	ML	PSW	ML	PS138-207-1-CTD-chlmax-16S	16S	25	105922	PS138-207-1-CTD-chlmax-16S_clip	L95YW	PS138-207-1-CTD-chlmax-16S_clip_R1_001.fastq.gz	PS138-207-1-CTD-chlmax-16S_clip_R2_001.fastq.gz	202	22	PS138_207-1-N22	-1.7952	33.281	-1.7949	19.9	19.686	372.7	375.39	0.4725	384.4	374.161	2.708	0.001	0.067	0.001	1.28	0.002	0.279	0.001	0.144	0	6.502	0.023	0.333	0.003	2.645	0.001	0.065	0.001	1.25	0.002	0.273	0.001	0.141	0	6.351	0.022	0.325	0.003
2023-08-19	CTD_398	PS138_207-1	Transect_60E_12	seawater	CTD	85.657678	60.112303	50	50	PSW	LHC	PSW	PS138-207-1-CTD-50-16S	16S	25	124368	PS138-207-1-CTD-50-16S_clip	L95YW	PS138-207-1-CTD-50-16S_clip_R1_001.fastq.gz	PS138-207-1-CTD-50-16S_clip_R2_001.fastq.gz	201	19	PS138_207-1-N19	-1.7267	34.159	-1.7258	50.552	50.005	369.81	372.83	0.367	380	369.616	4.181	0.002	0.179	0	1.566	0.001	0.356	0	0.04	0.002	7.623	0.013	0.399	0.001	4.081	0.002	0.175	0	1.529	0.001	0.348	0	0.039	0.002	7.441	0.013	0.389	0.001
2023-08-19	ISCA_58	PS138_52-1	Ice_Station03	ice-edge	hand_pump	82.90224	129.993325	NA	UIW	NA	NA	ice-edge	PS138-52-1-ice-edge water-7-16S	16S	25	91334	PS138-52-1-ice-edgewater-7-16S_clip	L95YW	PS138-52-1-ice-edgewater-7-16S_clip_R1_001.fastq.gz	PS138-52-1-ice-edgewater-7-16S_clip_R2_001.fastq.gz	251	ISCA ID 7	NA	NA	NA	NA	NA	NA	NA	NA	NA	NA	NA	NA	NA	NA	NA	NA	NA	NA	NA	NA	NA	NA	NA	NA	NA	NA	NA	NA	NA	NA	NA	NA	NA	NA	NA	NA	NA	NA	NA
2023-08-19	CTD_62	PS138_53-1	Ice_Station03	seawater	OFOBS	84.737139	107.696589		bottom	NA	NA	bottom	PS138-53-1-OFOBS-bottom-16S	16S	25	123906	PS138-53-1-OFOBS-bottom-16S_clip	LMN22	PS138-53-1-OFOBS-bottom-16S_clip_R1_001.fastq.gz	PS138-53-1-OFOBS-bottom-16S_clip_R2_001.fastq.gz	31	OFOBS	PS138_53-1-NOFOBS	NA	NA	NA	NA	NA	NA	NA	NA	NA	NA	NA	NA	NA	NA	NA	NA	NA	NA	NA	NA	NA	NA	NA	NA	NA	NA	NA	NA	NA	NA	NA	NA	NA	NA	NA	NA	NA	NA
2023-08-17	CTD_36	PS138_40-1	Ice_Station02	seawater	CTD	84.915514	80.254426	3720	bottom+5	EBBW	NA	EBBW	PS138-40-1-CTD-3720-16S	16S	25	912768	PS138-40-1-CTD-3720-16S_clip	LMN22	PS138-40-1-CTD-3720-16S_clip_R1_001.fastq.gz	PS138-40-1-CTD-3720-16S_clip_R2_001.fastq.gz	18	1	PS138_40-1-N1	-0.91222	34.94	-0.67365	3800.842	3726.764	286.65	290.67	-0.0543	304.3	295.812	15.06	0.018	-0.02	0.002	11.817	0.034	1.013	0.002	-0.096	0.007	17.093	0.062	0.964	0.009	14.692	0.018	-0.02	0.002	11.529	0.033	0.988	0.002	-0.094	0.007	16.676	0.06	0.94	0.009
2023-08-17	CTD_60	PS138_47-2	Ice_Station02	seawater	CTD	84.956264	80.037961	200	200	AW2	NA	AW2	PS138-47-2-CTD-200-16S	16S	25	93224	PS138-47-2-CTD-200-16S_clip	LMN22	PS138-47-2-CTD-200-16S_clip_R1_001.fastq.gz	PS138-47-2-CTD-200-16S_clip_R2_001.fastq.gz	30	3	PS138_47-2-N3	1.6808	34.858	1.6913	202.608	200.343	297.28	298.46	-0.0549	307.7	299.173	12.285	0	-0.011	0	5.023	0	0.816	0	-0.097	0	15.025	0	0.788	0	11.986	0	-0.011	0	4.901	0	0.796	0	-0.095	0	14.659	0	0.769	0
2023-08-17	CTD_58	PS138_47-2	Ice_Station02	seawater	CTD	84.956264	80.037961	100	100	LHC	NA	LHC	PS138-47-2-CTD-100-16S	16S	25	34618	PS138-47-2-CTD-100-16S_clip	LMN22	PS138-47-2-CTD-100-16S_clip_R1_001.fastq.gz	PS138-47-2-CTD-100-16S_clip_R2_001.fastq.gz	29	8	PS138_47-2-N8	-1.5837	34.289	-1.5816	100.78	99.677	350	353.06	0.0575	338.9	329.62	7.94	0.004	-0.007	0	2.929	0.005	0.577	0.001	-0.1	0.004	10.864	0.008	0.56	0.003	7.75	0.004	-0.007	0	2.859	0.005	0.563	0.001	-0.098	0.004	10.604	0.008	0.547	0.003
2023-08-17	CTD_52	PS138_47-2	Ice_Station02	seawater	CTD	84.956264	80.037961	10	10	ML	PSW	ML	PS138-47-2-CTD-10-16S	16S	25	149021	PS138-47-2-CTD-10-16S_clip	LMN22	PS138-47-2-CTD-10-16S_clip_R1_001.fastq.gz	PS138-47-2-CTD-10-16S_clip_R2_001.fastq.gz	26	21	PS138_47-2-N21	-1.5937	33.402	-1.5935	9.789	9.684	378.3	381.13	0.2019	387.6	377.241	1.641	0.001	0.006	0	1.181	0.003	0.198	0	-0.013	0.001	5.207	0	0.238	0.003	1.603	0.001	0.006	0	1.153	0.003	0.193	0	-0.013	0.001	5.086	0	0.232	0.003
2023-08-17	CTD_50	PS138_47-2	Ice_Station02	seawater	CTD	84.956264	80.037961	2	2	ML	PSW	ML	PS138-47-2-CTD-2-16S	16S	25	24174	PS138-47-2-CTD-2-16S_clip	LMN22	PS138-47-2-CTD-2-16S_clip_R1_001.fastq.gz	PS138-47-2-CTD-2-16S_clip_R2_001.fastq.gz	25	24	PS138_47-2-N24	-1.5896	33.5	-1.5896	2.019	1.997	378.84	376.9	0.2197	388.5	378.091	1.716	0.003	0.008	0	1.184	0.002	0.203	0	-0.012	0.001	5.289	0.003	0.242	0	1.676	0.003	0.008	0	1.156	0.002	0.198	0	-0.012	0.001	5.165	0.003	0.236	0
2023-08-17	ISCA_38	PS138_31_Coring-013	Ice_Station02	meltpond	hand_pump	84.949693	80.140077	NA	MP	NA	NA	MP	PS138-31-1-meltpond-5-16S	16S	25	69606	PS138-31-1-meltpond-5-16S_clip	L95YW	PS138-31-1-meltpond-5-16S_clip_R1_001.fastq.gz	PS138-31-1-meltpond-5-16S_clip_R2_001.fastq.gz	250	ISCA ID 5	PS138_Lena-9_UIW	NA	NA	NA	NA	NA	NA	NA	NA	NA	NA	1.602	0.001	0.025	0.001	0.394	0.002	0.016	0.003	0.448	0.009	4.461	0.004	-0.019	0.005														
2023-08-17	CTD_54	PS138_47-2	Ice_Station02	seawater	CTD	84.956264	80.037961	53	chl-max	PSW	LHC	PSW	PS138-47-2-CTD-53-16S	16S	25	61287	PS138-47-2-CTD-53-16S_clip	LMN22	PS138-47-2-CTD-53-16S_clip_R1_001.fastq.gz	PS138-47-2-CTD-53-16S_clip_R2_001.fastq.gz	27	13	PS138_47-2-N13	-1.7779	34.215	-1.777	53.1	52.525	370.65	374.02	0.8811	380.5	370.08	3.836	0.002	0.176	0	1.442	0.005	0.328	0.001	-0.083	0.002	7.122	0.007	0.347	0.005	3.744	0.002	0.172	0	1.408	0.005	0.32	0.001	-0.081	0.002	6.952	0.007	0.339	0.005
2023-08-17	CTD_56	PS138_47-2	Ice_Station02	seawater	CTD	84.956264	80.037961	50	50	PSW	LHC	PSW	PS138-47-2-CTD-50-16S	16S	25	155036	PS138-47-2-CTD-50-16S_clip	LMN22	PS138-47-2-CTD-50-16S_clip_R1_001.fastq.gz	PS138-47-2-CTD-50-16S_clip_R2_001.fastq.gz	28	17	PS138_47-2-N17	-1.7696	34.21	-1.7687	50.913	50.362	372.92	375.19	0.9286	383.3	372.807	3.719	0.002	0.188	0	1.418	0.003	0.321	0.001	-0.072	0.001	7.075	0.005	0.34	0.001	3.63	0.002	0.184	0	1.384	0.003	0.313	0.001	-0.07	0.001	6.906	0.005	0.332	0.001
2023-08-17	CTD_46	PS138_40-1	Ice_Station02	seawater	CTD	84.915514	80.254426	1000	1000	AIW	NA	AIW	PS138-40-1-CTD-1000-16S	16S	25	85521	PS138-40-1-CTD-1000-16S_clip	LMN22	PS138-40-1-CTD-1000-16S_clip_R1_001.fastq.gz	PS138-40-1-CTD-1000-16S_clip_R2_001.fastq.gz	23	14	PS138_40-1-N14	-0.20714	34.908	-0.16355	1013.686	1000.4	296.72	296.74	-0.0549	NA	NA	NA	NA	NA	NA	NA	NA	NA	NA	NA	NA	NA	NA	NA	NA	NA	NA	NA	NA	NA	NA	NA	NA	NA	NA	NA	NA	NA	NA
2023-08-17	CTD_48	PS138_40-1	Ice_Station02	seawater	CTD	84.915514	80.254426	500	500	AW2	NA	AW2	PS138-40-1-CTD-500-16S	16S	25	102880	PS138-40-1-CTD-500-16S_clip	LMN22	PS138-40-1-CTD-500-16S_clip_R1_001.fastq.gz	PS138-40-1-CTD-500-16S_clip_R2_001.fastq.gz	24	19	PS138_40-1-N19	1.1594	34.908	1.1847	506.279	500.251	297.41	297.31	-0.056	NA	NA	NA	NA	NA	NA	NA	NA	NA	NA	NA	NA	NA	NA	NA	NA	NA	NA	NA	NA	NA	NA	NA	NA	NA	NA	NA	NA	NA	NA
2023-08-17	CTD_44	PS138_40-1	Ice_Station02	seawater	CTD	84.915514	80.254426	1500	1500	CBDW	EBDW	CBDW	PS138-40-1-CTD-1500-16S	16S	25	754433	PS138-40-1-CTD-1500-16S_clip	LMN22	PS138-40-1-CTD-1500-16S_clip_R1_001.fastq.gz	PS138-40-1-CTD-1500-16S_clip_R2_001.fastq.gz	22	10	PS138_40-1-N10	-0.64196	34.915	-0.57485	1521.598	1499.846	291.19	292.24	-0.0549	NA	NA	NA	NA	NA	NA	NA	NA	NA	NA	NA	NA	NA	NA	NA	NA	NA	NA	NA	NA	NA	NA	NA	NA	NA	NA	NA	NA	NA	NA
2023-08-17	CTD_38	PS138_40-1	Ice_Station02	seawater	CTD	84.915514	80.254426	3700	bottom+20	EBBW	NA	EBBW	PS138-40-1-CTD-3700-16S	16S	25	1101338	PS138-40-1-CTD-3700-16S_clip	LMN22	PS138-40-1-CTD-3700-16S_clip_R1_001.fastq.gz	PS138-40-1-CTD-3700-16S_clip_R2_001.fastq.gz	19	4	PS138_40-1-N4	-0.912	34.94	-0.67495	3784.964	3711.33	287	290.59	-0.0543	NA	NA	NA	NA	NA	NA	NA	NA	NA	NA	NA	NA	NA	NA	NA	NA	NA	NA	NA	NA	NA	NA	NA	NA	NA	NA	NA	NA	NA	NA
2023-08-17	CTD_40	PS138_40-1	Ice_Station02	seawater	CTD	84.915514	80.254426	3000	3000	EBBW	NA	EBBW	PS138-40-1-CTD-3000-16S	16S	25	55893	PS138-40-1-CTD-3000-16S_clip	LMN22	PS138-40-1-CTD-3000-16S_clip_R1_001.fastq.gz	PS138-40-1-CTD-3000-16S_clip_R2_001.fastq.gz	20	6	PS138_40-1-N6	-0.9207	34.934	-0.7496	3054.417	3000.005	287.48	288.36	-0.0543	NA	NA	NA	NA	NA	NA	NA	NA	NA	NA	NA	NA	NA	NA	NA	NA	NA	NA	NA	NA	NA	NA	NA	NA	NA	NA	NA	NA	NA	NA
2023-08-17	CTD_42	PS138_40-1	Ice_Station02	seawater	CTD	84.915514	80.254426	2000	2000	EBDW	NA	EBDW	PS138-40-1-CTD-2000-16S	16S	25	80342	PS138-40-1-CTD-2000-16S_clip	LMN22	PS138-40-1-CTD-2000-16S_clip_R1_001.fastq.gz	PS138-40-1-CTD-2000-16S_clip_R2_001.fastq.gz	21	8	PS138_40-1-N8	-0.80735	34.921	-0.7108	2031.891	2000.44	288.85	289.18	-0.0543	NA	NA	NA	NA	NA	NA	NA	NA	NA	NA	NA	NA	NA	NA	NA	NA	NA	NA	NA	NA	NA	NA	NA	NA	NA	NA	NA	NA	NA	NA
2023-08-15	CTD_394	PS138_207-1	Transect_60E_12	seawater	CTD	85.657678	60.112303	200	200	AW2	NA	AW2	PS138-207-1-CTD-200-16S	16S	25	233073	PS138-207-1-CTD-200-16S_clip	L95YW	PS138-207-1-CTD-200-16S_clip_R1_001.fastq.gz	PS138-207-1-CTD-200-16S_clip_R2_001.fastq.gz	199	13	PS138_207-1-N13	1.4599	34.844	1.4699	202.098	199.836	294.29	295.28	-0.0543	304.3	295.868	12.531	0.045	0.003	0.002	4.923	0.002	0.818	0.001	-0.03	0.001	14.774	0.023	0.819	0	12.226	0.044	0.003	0.002	4.803	0.002	0.798	0.001	-0.029	0.001	14.414	0.022	0.799	0
2023-08-15	ICE_16	PS138_31_Coring-001-009	Ice_Station02	ice core	ice_corer	84.949693	80.140077	NA	Ice-TS	NA	NA	Ice-TS	PS138-31-1-ICE-Ice-TS-16S	16S	25	62720	PS138-31-1-ICE-Ice-TS-16S_clip	L95YW	PS138-31-1-ICE-Ice-TS-16S_clip_R1_001.fastq.gz	PS138-31-1-ICE-Ice-TS-16S_clip_R2_001.fastq.gz	225	top section	PS138_Lena-11_ICE	NA	NA	NA	NA	NA	NA	NA	NA	NA	NA	0.917	0.002	0.015	0.001	0.402	0.002	0.036	0	1.284	0.001	5.392	0.02	0.029	0.004														
2023-08-15	CTD_396	PS138_207-1	Transect_60E_12	seawater	CTD	85.657678	60.112303	100	100	LHC	NA	LHC	PS138-207-1-CTD-100-16S	16S	25	118808	PS138-207-1-CTD-100-16S_clip	L95YW	PS138-207-1-CTD-100-16S_clip_R1_001.fastq.gz	PS138-207-1-CTD-100-16S_clip_R2_001.fastq.gz	200	16	PS138_207-1-N16	-1.0183	34.423	-1.0156	101.013	99.906	319.54	326.38	-0.0262	334.9	325.685	8.799	0.01	0.018	0.003	3.02	0	0.625	0.001	-0.021	0.001	11.601	0.022	0.643	0.001	8.587	0.01	0.018	0.003	2.947	0	0.61	0.001	-0.02	0.001	11.322	0.021	0.628	0.001
2023-08-15	ICE_14	PS138_31_Coring-001-009	Ice_Station02	ice core	ice_corer	84.949693	80.140077	NA	Ice-BS	NA	NA	Ice-BS	PS138-31-1-ICE-Ice-BS-16S	16S	25	41590	PS138-31-1-ICE-Ice-BS-16S_clip	L95YW	PS138-31-1-ICE-Ice-BS-16S_clip_R1_001.fastq.gz	PS138-31-1-ICE-Ice-BS-16S_clip_R2_001.fastq.gz	224	bottom section	PS138_Lena-10_ICE	NA	NA	NA	NA	NA	NA	NA	NA	NA	NA	1.587	0.001	0.019	0.002	0.385	0	0.077	0.003	1.586	0.008	7.266	0.013	0.092	0.001														
2023-08-15	ICE_12	PS138_31_Coring-012	Ice_Station02	under-ice water	hand_pump	84.949693	80.140077	NA	UIW	NA	NA	UIW	PS138-31-1-ICE-UIW-16S	16S	25	113575	PS138-31-1-ICE-UIW-16S_clip	L95YW	PS138-31-1-ICE-UIW-16S_clip_R1_001.fastq.gz	PS138-31-1-ICE-UIW-16S_clip_R2_001.fastq.gz	223		PS138_Lena-8_UIW	NA	NA	NA	NA	NA	NA	NA	NA	NA	NA	2.155	0.001	0.022	0	1.35	0.003	0.186	0.003	1.358	0.002	8.383	0.024	0.246	0.001														
2023-08-15	ICE_10	PS138_31_Coring-013	Ice_Station02	meltpond	hand_pump	84.949693	80.140077	NA	MP	NA	NA	MP	PS138-31-1-ICE-MP-16S	16S	25	64152	PS138-31-1-ICE-MP-16S_clip	L95YW	PS138-31-1-ICE-MP-16S_clip_R1_001.fastq.gz	PS138-31-1-ICE-MP-16S_clip_R2_001.fastq.gz	222		PS138_Lena-9_UIW	NA	NA	NA	NA	NA	NA	NA	NA	NA	NA	1.602	0.001	0.025	0.001	0.394	0.002	0.016	0.003	0.448	0.009	4.461	0.004	-0.019	0.005														
2023-08-15	CTD_390	PS138_207-1	Transect_60E_12	seawater	CTD	85.657678	60.112303	1000	1000	AIW	NA	AIW	PS138-207-1-CTD-1000-16S	16S	25	234543	PS138-207-1-CTD-1000-16S_clip	L95YW	PS138-207-1-CTD-1000-16S_clip_R1_001.fastq.gz	PS138-207-1-CTD-1000-16S_clip_R2_001.fastq.gz	197	5	PS138_207-1-N5	-0.20127	34.908	-0.15765	1013.362	1000.07	296.73	298.34	-0.0549	NA	NA	NA	NA	NA	NA	NA	NA	NA	NA	NA	NA	NA	NA	NA	NA	NA	NA	NA	NA	NA	NA	NA	NA	NA	NA	NA	NA	NA	NA
2023-08-15	CTD_392	PS138_207-1	Transect_60E_12	seawater	CTD	85.657678	60.112303	500	500	AW2	NA	AW2	PS138-207-1-CTD-500-16S	16S	25	219620	PS138-207-1-CTD-500-16S_clip	L95YW	PS138-207-1-CTD-500-16S_clip_R1_001.fastq.gz	PS138-207-1-CTD-500-16S_clip_R2_001.fastq.gz	198	8	PS138_207-1-N8	1.0078	34.905	1.0324	506.006	499.976	295.47	296.78	-0.0554	NA	NA	NA	NA	NA	NA	NA	NA	NA	NA	NA	NA	NA	NA	NA	NA	NA	NA	NA	NA	NA	NA	NA	NA	NA	NA	NA	NA	NA	NA
2023-08-11	CTD_30	PS138_26-1	Ice_Station01	seawater	CTD	83.853249	34.106321	1000	1000	AIW	NA	AIW	PS138-26-1-CTD-1000-16S	16S	25	46659	PS138-26-1-CTD-1000-16S_clip	LMN22	PS138-26-1-CTD-1000-16S_clip_R1_001.fastq.gz	PS138-26-1-CTD-1000-16S_clip_R2_001.fastq.gz	15	12	PS138_26-1-N12	-0.25629	34.908	-0.2131	1014.242	1000.967	296.24	296.56	-0.0543	NA	NA	NA	NA	NA	NA	NA	NA	NA	NA	NA	NA	NA	NA	NA	NA	NA	NA	NA	NA	NA	NA	NA	NA	NA	NA	NA	NA	NA	NA
2023-08-11	CTD_34	PS138_26-1	Ice_Station01	seawater	CTD	83.853249	34.106321	200	200	AW1	NA	AW1	PS138-26-1-CTD-200-16S	16S	25	11907	PS138-26-1-CTD-200-16S_clip	LMN22	PS138-26-1-CTD-200-16S_clip_R1_001.fastq.gz	PS138-26-1-CTD-200-16S_clip_R2_001.fastq.gz	17	23	PS138_26-1-N23	1.9648	34.881	1.9756	201.857	199.603	300.83	300.85	-0.0543	NA	NA	NA	NA	NA	NA	NA	NA	NA	NA	NA	NA	NA	NA	NA	NA	NA	NA	NA	NA	NA	NA	NA	NA	NA	NA	NA	NA	NA	NA
2023-08-11	CTD_32	PS138_26-1	Ice_Station01	seawater	CTD	83.853249	34.106321	500	500	AW2	NA	AW2	PS138-26-1-CTD-500-16S	16S	25	98815	PS138-26-1-CTD-500-16S_clip	LMN22	PS138-26-1-CTD-500-16S_clip_R1_001.fastq.gz	PS138-26-1-CTD-500-16S_clip_R2_001.fastq.gz	16	16	PS138_26-1-N16	1.2516	34.919	1.2773	506.386	500.366	296.63	296.01	-0.0543	NA	NA	NA	NA	NA	NA	NA	NA	NA	NA	NA	NA	NA	NA	NA	NA	NA	NA	NA	NA	NA	NA	NA	NA	NA	NA	NA	NA	NA	NA
2023-08-11	CTD_24	PS138_26-1	Ice_Station01	seawater	CTD	83.853249	34.106321	3900	bottom+20	EBBW	NA	EBBW	PS138-26-1-CTD-3900-16S	16S	25	105133	PS138-26-1-CTD-3900-16S_clip	LMN22	PS138-26-1-CTD-3900-16S_clip_R1_001.fastq.gz	PS138-26-1-CTD-3900-16S_clip_R2_001.fastq.gz	12	4	PS138_26-1-N4	-0.91549	34.941	-0.65365	4038.832	3958.053	287.19	291.15	-0.0543	NA	NA	NA	NA	NA	NA	NA	NA	NA	NA	NA	NA	NA	NA	NA	NA	NA	NA	NA	NA	NA	NA	NA	NA	NA	NA	NA	NA	NA	NA
2023-08-11	CTD_26	PS138_26-1	Ice_Station01	seawater	CTD	83.853249	34.106321	3000	3000	EBBW	NA	EBBW	PS138-26-1-CTD-3000-16S	16S	25	106624	PS138-26-1-CTD-3000-16S_clip	LMN22	PS138-26-1-CTD-3000-16S_clip_R1_001.fastq.gz	PS138-26-1-CTD-3000-16S_clip_R2_001.fastq.gz	13	6	PS138_26-1-N6	-0.92031	34.935	-0.7491	3055.604	3001.222	286.62	287.89	-0.0549	NA	NA	NA	NA	NA	NA	NA	NA	NA	NA	NA	NA	NA	NA	NA	NA	NA	NA	NA	NA	NA	NA	NA	NA	NA	NA	NA	NA	NA	NA
2023-08-11	CTD_28	PS138_26-1	Ice_Station01	seawater	CTD	83.853249	34.106321	1500	1500	EBDW	NA	EBDW	PS138-26-1-CTD-1500-16S	16S	25	149289	PS138-26-1-CTD-1500-16S_clip	LMN22	PS138-26-1-CTD-1500-16S_clip_R1_001.fastq.gz	PS138-26-1-CTD-1500-16S_clip_R2_001.fastq.gz	14	10	PS138_26-1-N10	-0.76943	34.919	-0.6855	1827.712	1800.319	288.88	289.67	-0.0549	NA	NA	NA	NA	NA	NA	NA	NA	NA	NA	NA	NA	NA	NA	NA	NA	NA	NA	NA	NA	NA	NA	NA	NA	NA	NA	NA	NA	NA	NA
2023-08-10	CTD_14	PS138_22-1	Ice_Station01	seawater	CTD	83.877061	33.169623	100	100	LHC	NA	LHC	PS138-22-1-CTD-100-16S	16S	25	112916	PS138-22-1-CTD-100-16S_clip	LMN22	PS138-22-1-CTD-100-16S_clip_R1_001.fastq.gz	PS138-22-1-CTD-100-16S_clip_R2_001.fastq.gz	7	3	PS138_22-1-N3	-1.5122	34.409	-1.51	101.319	100.212	339.63	342.44	0.0587	NA	NA	NA	NA	NA	NA	NA	NA	NA	NA	NA	NA	NA	NA	NA	NA	NA	NA	NA	NA	NA	NA	NA	NA	NA	NA	NA	NA	NA	NA
2023-08-10	CTD_20	PS138_22-1	Ice_Station01	seawater	CTD	83.877061	33.169623	10	10	ML	PSW	ML	PS138-22-1-CTD-10-16S	16S	25	204517	PS138-22-1-CTD-10-16S_clip	LMN22	PS138-22-1-CTD-10-16S_clip_R1_001.fastq.gz	PS138-22-1-CTD-10-16S_clip_R2_001.fastq.gz	10	21	PS138_22-1-N21	-1.5948	33.294	-1.5947	9.882	9.777	380.1	382.24	0.2547	NA	NA	NA	NA	NA	NA	NA	NA	NA	NA	NA	NA	NA	NA	NA	NA	NA	NA	NA	NA	NA	NA	NA	NA	NA	NA	NA	NA	NA	NA
2023-08-10	CTD_22	PS138_22-1	Ice_Station01	seawater	CTD	83.877061	33.169623	2	2	ML	PSW	ML	PS138-22-1-CTD-2-16S	16S	25	367768	PS138-22-1-CTD-2-16S_clip	LMN22	PS138-22-1-CTD-2-16S_clip_R1_001.fastq.gz	PS138-22-1-CTD-2-16S_clip_R2_001.fastq.gz	11	24	PS138_22-1-N24	-1.5403	33.288	-1.5403	2.182	2.159	379.34	381.96	0.1561	NA	NA	NA	NA	NA	NA	NA	NA	NA	NA	NA	NA	NA	NA	NA	NA	NA	NA	NA	NA	NA	NA	NA	NA	NA	NA	NA	NA	NA	NA
2023-08-10	ISCA_34	PS138_9-1	Ice_Station01	meltpond	hand_pump	84.073565	31.211554	NA	MP	NA	NA	MP	PS138-9-1-meltpond-4-16S	16S	25	63517	PS138-9-1-meltpond-4-16S_clip	L95YW	PS138-9-1-meltpond-4-16S_clip_R1_001.fastq.gz	PS138-9-1-meltpond-4-16S_clip_R2_001.fastq.gz	249	ISCA ID 4	NA	NA	NA	NA	NA	NA	NA	NA	NA	NA	NA	NA	NA	NA	NA	NA	NA	NA	NA	NA	NA	NA	NA	NA	NA	NA	NA	NA	NA	NA	NA	NA	NA	NA	NA	NA	NA	NA	NA
2023-08-10	CTD_18	PS138_22-1	Ice_Station01	seawater	CTD	83.877061	33.169623	30	chl-max	PSW	LHC	PSW	PS138-22-1-CTD-30-16S	16S	25	72310	PS138-22-1-CTD-30-16S_clip	LMN22	PS138-22-1-CTD-30-16S_clip_R1_001.fastq.gz	PS138-22-1-CTD-30-16S_clip_R2_001.fastq.gz	9	14	PS138_22-1-N14	-1.6771	34.324	-1.6765	30.248	29.923	362.76	364.62	1.0077	NA	NA	NA	NA	NA	NA	NA	NA	NA	NA	NA	NA	NA	NA	NA	NA	NA	NA	NA	NA	NA	NA	NA	NA	NA	NA	NA	NA	NA	NA
2023-08-10	CTD_16	PS138_22-1	Ice_Station01	seawater	CTD	83.877061	33.169623	50	50	PSW	LHC	PSW	PS138-22-1-CTD-50-16S	16S	25	96981	PS138-22-1-CTD-50-16S_clip	LMN22	PS138-22-1-CTD-50-16S_clip_R1_001.fastq.gz	PS138-22-1-CTD-50-16S_clip_R2_001.fastq.gz	8	9	PS138_22-1-N9	-1.7156	34.373	-1.7147	50.515	49.969	344.94	347.01	0.2564	NA	NA	NA	NA	NA	NA	NA	NA	NA	NA	NA	NA	NA	NA	NA	NA	NA	NA	NA	NA	NA	NA	NA	NA	NA	NA	NA	NA	NA	NA
2023-08-08	CTD_386	PS138_207-1	Transect_60E_12	seawater	CTD	85.657678	60.112303	3877	bottom+5	EBBW	NA	EBBW	PS138-207-1-CTD-3873.6-16S	16S	25	139832	PS138-207-1-CTD-3873-6-16S_clip	L95YW	PS138-207-1-CTD-3873-6-16S_clip_R1_001.fastq.gz	PS138-207-1-CTD-3873-6-16S_clip_R2_001.fastq.gz	195	1	PS138_207-1-N1	-0.91362	34.94	-0.66035	3952.077	3873.677	284.53	289.2	-0.0549	303.5	295.033	15.433	0	0.005	0	11.927	0	1.006	0	-0.01	0	16.933	0	0.984	0	15.056	0	0.005	0	11.636	0	0.981	0	-0.01	0	16.52	0	0.96	0
2023-08-08	CTD_384	PS138_206-1	Transect_60E_11	seawater	CTD	85.999172	60.435695	10	10	ML	PSW	ML	PS138-206-1-CTD-10-16S	16S	25	216211	PS138-206-1-CTD-10-16S_clip	L95YW	PS138-206-1-CTD-10-16S_clip_R1_001.fastq.gz	PS138-206-1-CTD-10-16S_clip_R2_001.fastq.gz	194	24	PS138_206-1-N24	-1.7835	33.087	-1.7833	10.094	9.986	371.54	374.29	0.1842	382.6	372.464	0.585	0.001	0.03	0	1.222	0.005	0.174	0.001	0.169	0	4.849	0.008	0.238	0.001	0.572	0.001	0.029	0	1.194	0.005	0.17	0.001	0.165	0	4.737	0.008	0.233	0.001
2023-08-08	CTD_382	PS138_206-1	Transect_60E_11	seawater	CTD	85.999172	60.435695		chl-max	ML	PSW	ML	PS138-206-1-CTD-chlmax-16S	16S	25	143181	PS138-206-1-CTD-chlmax-16S_clip	L95YW	PS138-206-1-CTD-chlmax-16S_clip_R1_001.fastq.gz	PS138-206-1-CTD-chlmax-16S_clip_R2_001.fastq.gz	193	21	PS138_206-1-N21	-1.7873	33.092	-1.787	20.229	20.011	371.99	374.26	0.3252	383.6	373.44	0.884	0.002	0.045	0.001	1.239	0.002	0.194	0	0.182	0.002	5.095	0.013	0.251	0.003	0.864	0.002	0.044	0.001	1.21	0.002	0.19	0	0.178	0.002	4.978	0.013	0.245	0.003
2023-08-08	CTD_388	PS138_207-1	Transect_60E_12	seawater	CTD	85.657678	60.112303	2000	2000	EBDW	NA	EBDW	PS138-207-1-CTD-2000-16S	16S	25	152252	PS138-207-1-CTD-2000-16S_clip	L95YW	PS138-207-1-CTD-2000-16S_clip_R1_001.fastq.gz	PS138-207-1-CTD-2000-16S_clip_R2_001.fastq.gz	196	3	PS138_207-1-N3	-0.80698	34.92	-0.71045	2031.624	2000.157	290.91	292.69	-0.0543	NA	NA	NA	NA	NA	NA	NA	NA	NA	NA	NA	NA	NA	NA	NA	NA	NA	NA	NA	NA	NA	NA	NA	NA	NA	NA	NA	NA	NA	NA
2023-08-08	ICE_4	PS138_9-1	Ice_Station01	under-ice water	hand_pump	84.073565	31.211554	NA	UIW	NA	NA	UIW	PS138-9-1-ICE-UIW-16S	16S	25	43823	PS138-9-1-ICE-UIW-16S_clip	L95YW	PS138-9-1-ICE-UIW-16S_clip_R1_001.fastq.gz	PS138-9-1-ICE-UIW-16S_clip_R2_001.fastq.gz	219	1.5 m below ice	NA	NA	NA	NA	NA	NA	NA	NA	NA	NA	NA	NA	NA	NA	NA	NA	NA	NA	NA	NA	NA	NA	NA	NA	NA	NA	NA	NA	NA	NA	NA	NA	NA	NA	NA	NA	NA	NA	NA
2023-08-08	ICE_6	PS138_9-1	Ice_Station01	ice core	ice_corer	84.073565	31.211554	NA	Ice-BS	NA	NA	Ice-BS	PS138-9-1-ICE-Ice-BS-16S	16S	25	53027	PS138-9-1-ICE-Ice-BS-16S_clip	L95YW	PS138-9-1-ICE-Ice-BS-16S_clip_R1_001.fastq.gz	PS138-9-1-ICE-Ice-BS-16S_clip_R2_001.fastq.gz	220	bottom section	NA	NA	NA	NA	NA	NA	NA	NA	NA	NA	NA	NA	NA	NA	NA	NA	NA	NA	NA	NA	NA	NA	NA	NA	NA	NA	NA	NA	NA	NA	NA	NA	NA	NA	NA	NA	NA	NA	NA
2023-08-08	ICE_8	PS138_9-1	Ice_Station01	ice core	ice_corer	84.073565	31.211554	NA	Ice-TS	NA	NA	Ice-TS	PS138-9-1-ICE-Ice-TS-16S	16S	25	20614	PS138-9-1-ICE-Ice-TS-16S_clip	L95YW	PS138-9-1-ICE-Ice-TS-16S_clip_R1_001.fastq.gz	PS138-9-1-ICE-Ice-TS-16S_clip_R2_001.fastq.gz	221	top section	NA	NA	NA	NA	NA	NA	NA	NA	NA	NA	NA	NA	NA	NA	NA	NA	NA	NA	NA	NA	NA	NA	NA	NA	NA	NA	NA	NA	NA	NA	NA	NA	NA	NA	NA	NA	NA	NA	NA
2023-08-08	ICE_2	PS138_9-1	Ice_Station01	meltpond	hand_pump	84.073565	31.211554	NA	MP	NA	NA	MP	PS138-9-1-ICE-MP-16S	16S	25	85220	PS138-9-1-ICE-MP-16S_clip	L95YW	PS138-9-1-ICE-MP-16S_clip_R1_001.fastq.gz	PS138-9-1-ICE-MP-16S_clip_R2_001.fastq.gz	218	30 cm depth	NA	NA	NA	NA	NA	NA	NA	NA	NA	NA	NA	NA	NA	NA	NA	NA	NA	NA	NA	NA	NA	NA	NA	NA	NA	NA	NA	NA	NA	NA	NA	NA	NA	NA	NA	NA	NA	NA	NA
2023-08-06	CTD_4	PS138_2-1	test station	seawater	CTD	80.948096	15.35065	1000	1000	AIW	NA	AIW	PS138-5-1-CTD-1000-16S	16S	25	275675	PS138-5-1-CTD-1000-16S_clip	LMN22	PS138-5-1-CTD-1000-16S_clip_R1_001.fastq.gz	PS138-5-1-CTD-1000-16S_clip_R2_001.fastq.gz	2	4	PS138_2-1-N4	-0.36411	34.911	-0.3219	1013.229	1000.04	299.46	306.22	-0.0549	NA	NA	NA	NA	NA	NA	NA	NA	NA	NA	NA	NA	NA	NA	NA	NA	NA	NA	NA	NA	NA	NA	NA	NA	NA	NA	NA	NA	NA	NA
2023-08-06	CTD_6	PS138_2-1	test station	seawater	CTD	80.948096	15.35065	100	100	AW1	NA	AW1	PS138-5-1-CTD-100-16S	16S	25	246938	PS138-5-1-CTD-100-16S_clip	LMN22	PS138-5-1-CTD-100-16S_clip_R1_001.fastq.gz	PS138-5-1-CTD-100-16S_clip_R2_001.fastq.gz	3	13	PS138_2-1-N13	0.6187	34.609	0.62285	101.269	100.17	311.95	317.25	-0.0268	NA	NA	NA	NA	NA	NA	NA	NA	NA	NA	NA	NA	NA	NA	NA	NA	NA	NA	NA	NA	NA	NA	NA	NA	NA	NA	NA	NA	NA	NA
2023-08-06	CTD_2	PS138_2-1	test station	seawater	CTD	80.948096	15.35065	1700	2000	CBDW	EBDW	CBDW	PS138-5-1-CTD-1700-16S	16S	25	239631	PS138-5-1-CTD-1700-16S_clip	LMN22	PS138-5-1-CTD-1700-16S_clip_R1_001.fastq.gz	PS138-5-1-CTD-1700-16S_clip_R2_001.fastq.gz	1	1	PS138_2-1-N1	-0.74347	34.918	-0.66555	1724.933	1699.611	291.84	299.67	-0.0543	NA	NA	NA	NA	NA	NA	NA	NA	NA	NA	NA	NA	NA	NA	NA	NA	NA	NA	NA	NA	NA	NA	NA	NA	NA	NA	NA	NA	NA	NA
2023-08-06	CTD_8	PS138_2-1	test station	seawater	CTD	80.948096	15.35065	50	50	LHC	NA	LHC	PS138-5-1-CTD-50-16S	16S	25	114175	PS138-5-1-CTD-50-16S_clip	LMN22	PS138-5-1-CTD-50-16S_clip_R1_001.fastq.gz	PS138-5-1-CTD-50-16S_clip_R2_001.fastq.gz	4	16	PS138_2-1-N16	-1.7269	34.173	-1.726	50.447	49.905	348.41	356.21	0.516	NA	NA	NA	NA	NA	NA	NA	NA	NA	NA	NA	NA	NA	NA	NA	NA	NA	NA	NA	NA	NA	NA	NA	NA	NA	NA	NA	NA	NA	NA
2023-08-06	CTD_12	PS138_2-1	test station	seawater	CTD	80.948096	15.35065	2	2	ML	PSW	ML	PS138-5-1-CTD-2-16S	16S	25	171733	PS138-5-1-CTD-2-16S_clip	LMN22	PS138-5-1-CTD-2-16S_clip_R1_001.fastq.gz	PS138-5-1-CTD-2-16S_clip_R2_001.fastq.gz	6	24	PS138_2-1-N24	0.88772	31.866	0.8878	2.11	2.088	379.41	388.6	0.5716	NA	NA	NA	NA	NA	NA	NA	NA	NA	NA	NA	NA	NA	NA	NA	NA	NA	NA	NA	NA	NA	NA	NA	NA	NA	NA	NA	NA	NA	NA
2023-08-06	CTD_10	PS138_2-1	test station	seawater	CTD	80.948096	15.35065	25	chl-max	PSW	NA	PSW	PS138-5-1-CTD-25-16S	16S	25	182108	PS138-5-1-CTD-25-16S_clip	LMN22	PS138-5-1-CTD-25-16S_clip_R1_001.fastq.gz	PS138-5-1-CTD-25-16S_clip_R2_001.fastq.gz	5	20	PS138_2-1-N20	-1.3872	33.909	-1.3867	25.026	24.759	372.14	377.71	1.6055	NA	NA	NA	NA	NA	NA	NA	NA	NA	NA	NA	NA	NA	NA	NA	NA	NA	NA	NA	NA	NA	NA	NA	NA	NA	NA	NA	NA	NA	NA
NA	NegCtr	NA	NegCtr	NegCtr	NegCtr	NA	NA	NA	NA	NA	NA	NA	PS138-negative-3-1	16S	25		PS138-negative-3-1_clip		PS138-negative-3-1_clip_R1_001.fastq.gz	PS138-negative-3-1_clip_R2_001.fastq.gz	NA	NA	NA	NA	NA	NA	NA	NA	NA	NA	NA	NA	NA	NA	NA	NA	NA	NA	NA	NA	NA	NA	NA	NA	NA	NA	NA	NA	NA	NA	NA	NA	NA	NA	NA	NA	NA	NA	NA	NA	NA
NA	NegCtr	NA	NegCtr	NegCtr	NegCtr	NA	NA	NA	NA	NA	NA	NA	PS138-negative02-CTD16S	16S	25		PS138-negative02-CTD16S_clip		PS138-negative02-CTD16S_clip_R1_001.fastq.gz	PS138-negative02-CTD16S_clip_R2_001.fastq.gz	NA	NA	NA	NA	NA	NA	NA	NA	NA	NA	NA	NA	NA	NA	NA	NA	NA	NA	NA	NA	NA	NA	NA	NA	NA	NA	NA	NA	NA	NA	NA	NA	NA	NA	NA	NA	NA	NA	NA	NA	NA
NA	NegCtr	NA	NegCtr	NegCtr	NegCtr	NA	NA	NA	NA	NA	NA	NA	PS138-negative01-CTD16S	16S	25		PS138-negative01-CTD16S_clip		PS138-negative01-CTD16S_clip_R1_001.fastq.gz	PS138-negative01-CTD16S_clip_R2_001.fastq.gz	NA	NA	NA	NA	NA	NA	NA	NA	NA	NA	NA	NA	NA	NA	NA	NA	NA	NA	NA	NA	NA	NA	NA	NA	NA	NA	NA	NA	NA	NA	NA	NA	NA	NA	NA	NA	NA	NA	NA	NA	NA
